case,x0,y0,x1,y1,stratum,lq_gt_gradient_difference,psnr_lq,psnr_h50,psnr_h200,ssim_lq,ssim_h50,ssim_h200,lpips_lq,lpips_h50,lpips_h200
case1,0,0,256,256,high,1.176514,27.879531,27.706676,25.149977,0.900186,0.897563,0.827537,0.125013,0.171511,0.368650
case1,256,0,512,256,high,1.349030,27.608689,26.336082,22.560421,0.884520,0.881238,0.820074,0.118823,0.176231,0.354122
case1,512,0,768,256,high,1.357732,27.968350,26.758335,22.991034,0.891243,0.889270,0.826093,0.117775,0.180309,0.379893
case1,768,0,1024,256,high,1.319702,27.799071,27.983959,25.348068,0.889047,0.889875,0.808580,0.114885,0.159839,0.415111
case1,1024,0,1280,256,high,1.275716,28.636645,28.703003,26.351372,0.902190,0.902613,0.824743,0.094924,0.141446,0.385227
case1,1280,0,1536,256,high,1.223551,28.739891,28.746849,26.688272,0.903938,0.901243,0.822894,0.122923,0.165582,0.422491
case1,1536,0,1792,256,high,0.841390,29.479330,29.379786,27.138985,0.924053,0.919440,0.848459,0.081585,0.137045,0.380836
case1,1792,0,2048,256,mid,0.387909,34.245981,33.920450,30.295408,0.966443,0.960559,0.855830,0.039167,0.081354,0.390542
case1,2048,0,2304,256,mid,0.158218,39.931195,41.149807,36.246399,0.993696,0.986124,0.836589,0.032096,0.079895,0.459186
case1,2304,0,2560,256,mid,0.120789,38.734475,39.360127,35.589294,0.995331,0.986870,0.837357,0.028948,0.070440,0.432154
case1,2560,0,2816,256,mid,0.173238,38.118757,36.223658,30.413494,0.992987,0.983545,0.828338,0.032535,0.092312,0.438810
case1,2816,0,3072,256,low,0.111272,41.514557,41.770195,36.399883,0.996257,0.986474,0.834901,0.016787,0.074787,0.458769
case1,3072,0,3328,256,low,0.099157,39.260081,39.743825,35.490188,0.995450,0.986054,0.825156,0.027781,0.077957,0.493532
case1,3328,0,3584,256,low,0.096537,39.653447,39.925468,35.441376,0.996511,0.985848,0.821992,0.019152,0.079577,0.495727
case1,3584,0,3840,256,low,0.088760,40.806131,40.944072,35.867983,0.996266,0.986013,0.823385,0.019213,0.076566,0.498337
case1,3840,0,4096,256,low,0.052668,42.570110,42.323604,36.711979,0.998118,0.987584,0.843725,0.010628,0.056073,0.450987
case1,0,256,256,512,high,1.334844,28.541138,28.700704,25.450283,0.885329,0.889171,0.803477,0.113739,0.159250,0.392332
case1,256,256,512,512,high,1.334051,27.399509,27.111868,23.190370,0.878611,0.885042,0.788507,0.126135,0.184471,0.411710
case1,512,256,768,512,high,1.601634,26.513151,25.068549,20.775096,0.857980,0.849492,0.747450,0.132625,0.204647,0.426490
case1,768,256,1024,512,high,1.073873,29.276836,29.614440,26.575161,0.912552,0.912227,0.825534,0.086988,0.153278,0.353887
case1,1024,256,1280,512,high,1.119324,29.858602,30.209504,27.961498,0.909382,0.914182,0.852304,0.102449,0.144228,0.315126
case1,1280,256,1536,512,mid,0.597361,32.878234,33.141534,30.973794,0.951301,0.949036,0.888828,0.083346,0.119428,0.322546
case1,1536,256,1792,512,mid,0.346649,34.573126,35.125586,33.275459,0.975967,0.969057,0.906101,0.036840,0.074898,0.327687
case1,1792,256,2048,512,low,0.098318,43.253600,44.116642,38.994782,0.996690,0.988105,0.907794,0.017095,0.050855,0.343313
case1,2048,256,2304,512,low,0.091202,42.490156,42.990282,37.558546,0.996509,0.987065,0.876206,0.017384,0.065534,0.410836
case1,2304,256,2560,512,low,0.089315,42.352149,43.022232,37.789584,0.996935,0.987532,0.883440,0.010325,0.057802,0.383416
case1,2560,256,2816,512,low,0.080210,41.166603,42.026317,37.555331,0.997190,0.988737,0.886400,0.014837,0.055126,0.356434
case1,2816,256,3072,512,low,0.091085,42.282206,43.002662,38.025555,0.996365,0.987799,0.886239,0.021198,0.059706,0.377998
case1,3072,256,3328,512,low,0.078186,43.323215,43.642235,37.921893,0.997381,0.987905,0.883130,0.018077,0.058583,0.388465
case1,3328,256,3584,512,low,0.110199,42.701694,43.156783,37.791021,0.995936,0.986762,0.881191,0.018124,0.066544,0.404844
case1,3584,256,3840,512,mid,0.122406,43.338122,43.792159,37.915882,0.995659,0.986168,0.877578,0.018354,0.063893,0.422404
case1,3840,256,4096,512,mid,0.119853,44.204923,43.857718,38.002559,0.995313,0.985774,0.881012,0.022913,0.062579,0.411870
case1,0,512,256,768,high,1.717916,26.836210,27.257711,25.118139,0.846795,0.857801,0.746187,0.145787,0.213272,0.484538
case1,256,512,512,768,high,2.082036,26.676121,27.126213,24.722084,0.825643,0.840109,0.726621,0.192553,0.254447,0.504010
case1,512,512,768,768,high,1.181717,29.700912,30.064780,26.941772,0.894999,0.897737,0.813838,0.101670,0.180965,0.419854
case1,768,512,1024,768,high,1.659098,27.817222,27.982074,24.181418,0.863267,0.867595,0.749875,0.163181,0.216850,0.450132
case1,1024,512,1280,768,high,2.261271,25.814031,25.523677,21.372503,0.795738,0.804093,0.669915,0.248659,0.313688,0.610702
case1,1280,512,1536,768,high,2.235484,26.462067,26.555651,22.869561,0.800743,0.818167,0.701462,0.194899,0.267804,0.535076
case1,1536,512,1792,768,high,2.012014,27.187113,27.697259,26.192434,0.827412,0.842455,0.758301,0.163815,0.233821,0.468469
case1,1792,512,2048,768,high,2.109553,26.670035,27.093982,25.753441,0.827000,0.836651,0.747276,0.204516,0.262731,0.502960
case1,2048,512,2304,768,high,2.185974,26.815753,27.078276,25.413796,0.804524,0.811648,0.712607,0.229883,0.331602,0.580723
case1,2304,512,2560,768,high,2.372080,26.368101,26.678165,25.133466,0.788266,0.800785,0.708199,0.206607,0.289172,0.528821
case1,2560,512,2816,768,high,2.479665,25.740183,26.082364,23.648529,0.784971,0.799884,0.675765,0.216169,0.287479,0.552562
case1,2816,512,3072,768,high,2.401688,25.868639,26.363673,23.528800,0.793577,0.812426,0.683871,0.226980,0.270945,0.570640
case1,3072,512,3328,768,mid,0.590617,32.983920,33.435594,30.921825,0.953660,0.950567,0.887316,0.088054,0.136917,0.376131
case1,3328,512,3584,768,high,1.741358,27.437354,27.948806,26.020730,0.849715,0.859860,0.763045,0.160939,0.239537,0.486737
case1,3584,512,3840,768,high,2.447693,25.476576,25.820603,23.859979,0.804217,0.813456,0.687318,0.211016,0.257695,0.536342
case1,3840,512,4096,768,high,1.987885,26.863434,27.191995,25.055708,0.831093,0.834948,0.725778,0.172120,0.244282,0.495299
case1,0,768,256,1024,mid,0.141312,45.606339,43.735365,40.133737,0.995623,0.986692,0.931861,0.020802,0.062258,0.302939
case1,256,768,512,1024,mid,0.127818,42.402731,41.534333,38.854095,0.994899,0.986574,0.926726,0.028950,0.065287,0.309323
case1,512,768,768,1024,mid,0.137451,43.676087,42.657979,39.204671,0.995323,0.987291,0.923026,0.029025,0.071381,0.316410
case1,768,768,1024,1024,low,0.077209,43.915008,43.880138,40.500663,0.997563,0.990893,0.941820,0.010154,0.050105,0.247388
case1,1024,768,1280,1024,low,0.102254,43.490001,43.755458,41.429579,0.995754,0.991097,0.954527,0.020308,0.048966,0.187470
case1,1280,768,1536,1024,low,0.104558,46.357362,45.259527,41.148687,0.997237,0.991226,0.944220,0.012502,0.043325,0.216920
case1,1536,768,1792,1024,low,0.112127,42.033576,42.370814,39.531103,0.995775,0.988394,0.934995,0.023226,0.064789,0.281637
case1,1792,768,2048,1024,mid,0.121821,45.877914,44.044346,40.050671,0.996311,0.988733,0.931557,0.019629,0.053213,0.278283
case1,2048,768,2304,1024,low,0.071869,43.902149,42.976312,39.170211,0.996917,0.989385,0.920914,0.020303,0.055818,0.300771
case1,2304,768,2560,1024,low,0.107732,44.052854,43.657460,39.885568,0.996431,0.988705,0.932746,0.018442,0.058675,0.272863
case1,2560,768,2816,1024,mid,0.123632,43.855398,43.542136,40.894749,0.995212,0.989300,0.953211,0.023779,0.057327,0.226323
case1,2816,768,3072,1024,low,0.079514,45.348807,45.542883,41.633533,0.997408,0.991165,0.950246,0.014056,0.047938,0.209337
case1,3072,768,3328,1024,low,0.115494,42.721280,43.346350,40.623735,0.995719,0.988626,0.946154,0.028372,0.059982,0.226298
case1,3328,768,3584,1024,mid,0.124207,40.241281,40.735241,39.171073,0.993496,0.987513,0.942570,0.033622,0.071147,0.261477
case1,3584,768,3840,1024,mid,0.120015,41.702010,42.816113,40.421251,0.996206,0.989251,0.949860,0.020560,0.059939,0.233864
case1,3840,768,4096,1024,low,0.108454,42.634189,43.835634,41.740470,0.996644,0.989497,0.961228,0.012971,0.047517,0.190239
case1,0,1024,256,1280,mid,0.293152,37.330910,36.938470,35.343938,0.984207,0.977736,0.917098,0.044800,0.081047,0.335981
case1,256,1024,512,1280,mid,0.282186,38.843371,38.855692,36.326027,0.985761,0.979580,0.913356,0.031235,0.076140,0.340039
case1,512,1024,768,1280,mid,0.247676,39.327381,38.841399,35.336488,0.987887,0.980736,0.908599,0.021164,0.068002,0.346549
case1,768,1024,1024,1280,mid,0.435944,36.076675,36.197138,33.805179,0.973327,0.969476,0.912215,0.049213,0.094222,0.320158
case1,1024,1024,1280,1280,mid,0.466080,34.580402,34.457303,32.714090,0.967828,0.963866,0.909220,0.047061,0.096707,0.320718
case1,1280,1024,1536,1280,mid,0.555425,33.583191,33.648940,31.107458,0.962020,0.961001,0.894163,0.054026,0.084127,0.322289
case1,1536,1024,1792,1280,mid,0.533493,33.927891,33.714019,31.228354,0.962792,0.959559,0.896499,0.045741,0.091344,0.316797
case1,1792,1024,2048,1280,mid,0.673075,32.390199,32.584231,30.644619,0.951257,0.948798,0.881569,0.048896,0.093669,0.341410
case1,2048,1024,2304,1280,mid,0.190053,40.929812,41.334243,37.818100,0.991314,0.984686,0.913453,0.025319,0.071041,0.323340
case1,2304,1024,2560,1280,mid,0.720515,32.428165,32.966843,30.628952,0.947560,0.946446,0.875825,0.056837,0.101658,0.341822
case1,2560,1024,2816,1280,mid,0.704809,31.965083,32.438377,31.007105,0.945546,0.944837,0.897244,0.063561,0.098538,0.269907
case1,2816,1024,3072,1280,high,0.904983,30.918948,31.229745,26.266837,0.934201,0.934928,0.856894,0.084273,0.140596,0.338493
case1,3072,1024,3328,1280,mid,0.788900,31.743935,32.191201,27.750706,0.935387,0.937205,0.867071,0.093059,0.133687,0.349232
case1,3328,1024,3584,1280,high,0.958562,30.130007,30.353447,28.497289,0.922616,0.923165,0.855388,0.090394,0.141454,0.372755
case1,3584,1024,3840,1280,mid,0.763494,31.169505,31.471163,29.671104,0.944150,0.942550,0.883726,0.066318,0.108348,0.299648
case1,3840,1024,4096,1280,mid,0.584056,32.877233,32.987404,30.342663,0.957501,0.952838,0.897313,0.049315,0.083515,0.240802
case1,0,1280,256,1536,high,1.984472,26.888341,27.233406,26.271257,0.836587,0.850852,0.775534,0.145982,0.195599,0.407363
case1,256,1280,512,1536,high,1.694427,27.658402,27.886073,26.510295,0.867000,0.869789,0.785599,0.131962,0.195334,0.409021
case1,512,1280,768,1536,high,1.199570,28.883785,29.275040,27.184628,0.898621,0.901236,0.816626,0.108637,0.155302,0.392727
case1,768,1280,1024,1536,high,2.027689,26.175633,26.350122,25.069042,0.839495,0.841101,0.728215,0.151281,0.253889,0.488101
case1,1024,1280,1280,1536,high,1.799138,27.643130,27.703039,26.221265,0.857524,0.863553,0.777079,0.144720,0.197618,0.437336
case1,1280,1280,1536,1536,high,1.570796,28.653674,28.798735,25.979809,0.870617,0.879497,0.787567,0.126334,0.166012,0.423025
case1,1536,1280,1792,1536,high,1.583674,28.272193,28.450892,25.616119,0.874071,0.882095,0.784116,0.111836,0.172677,0.423472
case1,1792,1280,2048,1536,high,1.619751,27.789594,28.059023,26.434401,0.868239,0.874818,0.785141,0.124832,0.183692,0.442158
case1,2048,1280,2304,1536,mid,0.569473,33.510540,34.245427,32.091392,0.955443,0.955143,0.888024,0.077242,0.113817,0.377800
case1,2304,1280,2560,1536,high,1.638077,28.113364,28.753837,26.582957,0.871688,0.879773,0.781340,0.133458,0.206359,0.438894
case1,2560,1280,2816,1536,high,1.637736,28.178146,28.814293,27.506507,0.868242,0.878974,0.810121,0.110843,0.164004,0.363799
case1,2816,1280,3072,1536,high,1.480606,28.173225,28.688547,23.897783,0.876513,0.886909,0.763779,0.109582,0.171632,0.469755
case1,3072,1280,3328,1536,high,1.318960,29.025042,29.332994,24.867562,0.892187,0.899752,0.791765,0.107636,0.159801,0.439423
case1,3328,1280,3584,1536,high,1.503184,27.584563,28.009664,26.033790,0.877635,0.880611,0.781017,0.111687,0.181714,0.437681
case1,3584,1280,3840,1536,high,1.093282,29.341349,29.536567,27.276251,0.912742,0.912150,0.805720,0.093137,0.161624,0.429697
case1,3840,1280,4096,1536,high,0.944138,30.926343,31.497149,29.116680,0.929688,0.934305,0.825173,0.077848,0.134663,0.428229
case1,0,1536,256,1792,high,1.567129,28.874012,29.548285,28.084344,0.874156,0.890128,0.824111,0.122748,0.175739,0.400057
case1,256,1536,512,1792,low,0.088618,46.792328,43.266387,39.417553,0.997672,0.989420,0.931627,0.005790,0.044092,0.252435
case1,512,1536,768,1792,mid,0.124863,41.973989,40.571031,37.407279,0.995162,0.986818,0.898901,0.027027,0.074273,0.366792
case1,768,1536,1024,1792,mid,0.135381,43.351999,41.057063,37.486745,0.995539,0.986811,0.899659,0.024490,0.076993,0.363774
case1,1024,1536,1280,1792,mid,0.132019,44.513510,42.445406,37.900278,0.995870,0.986957,0.895065,0.020534,0.076031,0.367670
case1,1280,1536,1536,1792,low,0.092295,43.273217,41.387621,37.318909,0.996531,0.988304,0.887699,0.021319,0.069440,0.386674
case1,1536,1536,1792,1792,low,0.110408,46.844940,43.951139,38.323576,0.996920,0.988625,0.894854,0.012610,0.060314,0.358352
case1,1792,1536,2048,1792,mid,0.122014,47.086425,44.300547,38.533331,0.996592,0.987315,0.896458,0.018955,0.071672,0.365874
case1,2048,1536,2304,1792,mid,0.142242,45.527367,43.563174,38.284696,0.995677,0.986975,0.891379,0.023585,0.072938,0.376242
case1,2304,1536,2560,1792,low,0.106761,47.495284,44.872804,38.535729,0.996890,0.988538,0.894633,0.012198,0.054380,0.338946
case1,2560,1536,2816,1792,low,0.074554,45.669608,45.826959,38.884951,0.997924,0.989144,0.897089,0.008469,0.057052,0.335508
case1,2816,1536,3072,1792,low,0.099136,44.671273,43.852197,38.062661,0.996813,0.988640,0.885034,0.011684,0.062239,0.378454
case1,3072,1536,3328,1792,low,0.090586,44.536524,43.615490,38.049492,0.996997,0.988591,0.886211,0.016921,0.067207,0.375714
case1,3328,1536,3584,1792,mid,0.124324,46.161626,45.517420,38.771005,0.996576,0.987913,0.896604,0.013525,0.059582,0.354728
case1,3584,1536,3840,1792,mid,0.152461,45.067177,44.223210,38.000554,0.995509,0.987151,0.878385,0.027124,0.081843,0.398017
case1,3840,1536,4096,1792,low,0.092189,45.177189,44.179530,37.847256,0.996852,0.987640,0.865817,0.012362,0.064089,0.416933
case1,0,1792,256,2048,mid,0.121816,42.960479,40.823482,38.502383,0.996092,0.986165,0.930083,0.017061,0.055655,0.289069
case1,256,1792,512,2048,mid,0.118810,43.326692,40.782201,37.269465,0.996320,0.987644,0.896183,0.014750,0.063659,0.347123
case1,512,1792,768,2048,mid,0.131872,41.883518,39.756920,35.699740,0.996218,0.986768,0.839118,0.022103,0.081577,0.440996
case1,768,1792,1024,2048,mid,0.135518,43.296232,40.842123,35.827494,0.996229,0.986475,0.826922,0.015683,0.075794,0.467218
case1,1024,1792,1280,2048,mid,0.130274,43.674368,41.541032,36.130890,0.995634,0.985713,0.828996,0.021304,0.089132,0.487185
case1,1280,1792,1536,2048,low,0.107086,43.497200,41.120908,35.980801,0.997189,0.987717,0.829309,0.016589,0.070578,0.453934
case1,1536,1792,1792,2048,low,0.112996,47.568331,44.758125,37.028539,0.996953,0.987262,0.836114,0.014320,0.071758,0.452151
case1,1792,1792,2048,2048,low,0.102376,47.331553,45.385796,37.015990,0.997165,0.987395,0.834338,0.009209,0.069376,0.453212
case1,2048,1792,2304,2048,low,0.103170,47.406660,44.601288,36.944279,0.997094,0.987279,0.833632,0.008409,0.069350,0.450864
case1,2304,1792,2560,2048,low,0.112834,45.762692,43.932154,36.760134,0.995909,0.986452,0.828568,0.017044,0.081347,0.466542
case1,2560,1792,2816,2048,low,0.090780,48.220794,44.632920,36.602368,0.997523,0.987484,0.822605,0.006110,0.070031,0.477820
case1,2816,1792,3072,2048,low,0.078410,48.417245,45.403820,36.986080,0.997935,0.988095,0.831955,0.005798,0.067200,0.458954
case1,3072,1792,3328,2048,low,0.102325,48.359864,45.839140,37.054499,0.997330,0.987900,0.833465,0.009938,0.066220,0.450392
case1,3328,1792,3584,2048,low,0.082377,48.091880,46.216419,37.162182,0.997743,0.988387,0.835084,0.009996,0.067054,0.435551
case1,3584,1792,3840,2048,low,0.108958,46.734831,45.190806,36.976954,0.996757,0.987345,0.831936,0.011799,0.074354,0.466259
case1,3840,1792,4096,2048,low,0.091741,46.676285,44.608615,37.333351,0.997242,0.987093,0.846041,0.008820,0.064422,0.435935
case1,0,2048,256,2304,low,0.100062,43.927318,41.505208,38.643571,0.996996,0.988139,0.923959,0.009915,0.044749,0.299514
case1,256,2048,512,2304,low,0.095439,45.099613,42.277475,38.367910,0.997450,0.989130,0.908588,0.006879,0.055952,0.334087
case1,512,2048,768,2304,low,0.099976,44.519180,41.761895,37.137431,0.997272,0.988820,0.871287,0.011028,0.066715,0.377809
case1,768,2048,1024,2304,mid,0.117045,46.186020,42.715378,36.751443,0.997111,0.988339,0.844918,0.012181,0.068191,0.418056
case1,1024,2048,1280,2304,mid,0.137416,43.896955,41.936167,36.207981,0.996032,0.986116,0.825292,0.016856,0.083965,0.483472
case1,1280,2048,1536,2304,low,0.094045,46.909755,43.562742,36.330724,0.997326,0.986923,0.815771,0.013504,0.079739,0.475975
case1,1536,2048,1792,2304,low,0.096797,47.394804,45.474550,36.598286,0.997288,0.987362,0.817999,0.009523,0.069777,0.476226
case1,1792,2048,2048,2304,low,0.112783,48.337359,45.529308,36.681008,0.996868,0.987057,0.820115,0.010911,0.071346,0.474036
case1,2048,2048,2304,2304,low,0.066981,47.035696,45.650599,36.751600,0.998140,0.988344,0.822620,0.005698,0.066459,0.463305
case1,2304,2048,2560,2304,low,0.071309,48.970486,46.514224,36.853412,0.998110,0.988132,0.822006,0.006625,0.070039,0.463785
case1,2560,2048,2816,2304,low,0.086945,49.447149,45.221355,36.755532,0.997948,0.988030,0.825691,0.005065,0.066197,0.460523
case1,2816,2048,3072,2304,low,0.100993,47.794861,45.885323,37.174034,0.997243,0.987765,0.836824,0.012444,0.066832,0.450245
case1,3072,2048,3328,2304,low,0.084788,47.223425,46.208069,37.182478,0.997892,0.988216,0.835791,0.008418,0.067297,0.438544
case1,3328,2048,3584,2304,low,0.061198,43.027999,43.452145,36.476528,0.998055,0.988023,0.825128,0.010585,0.070288,0.457017
case1,3584,2048,3840,2304,low,0.109329,48.954836,44.892398,36.645798,0.997163,0.987533,0.822307,0.010070,0.070338,0.476840
case1,3840,2048,4096,2304,low,0.087870,46.754030,43.854119,36.920909,0.997493,0.987303,0.837437,0.011342,0.067364,0.465270
case1,0,2304,256,2560,high,1.815720,27.230524,26.998481,24.358348,0.851805,0.858414,0.759305,0.159103,0.214286,0.448106
case1,256,2304,512,2560,high,2.089035,27.032235,26.846759,23.399938,0.825482,0.835426,0.711931,0.158119,0.224442,0.486569
case1,512,2304,768,2560,high,1.357849,29.405378,29.687005,25.172684,0.890039,0.900370,0.778222,0.124960,0.182648,0.452694
case1,768,2304,1024,2560,low,0.099457,44.434538,41.578521,37.901038,0.997101,0.988591,0.909344,0.011006,0.052802,0.315787
case1,1024,2304,1280,2560,mid,0.137299,44.206364,41.697036,37.467641,0.996345,0.986966,0.889125,0.010872,0.059548,0.374896
case1,1280,2304,1536,2560,low,0.096283,44.629210,41.867655,37.093808,0.997113,0.988223,0.871141,0.011077,0.059174,0.400205
case1,1536,2304,1792,2560,mid,0.117589,47.873943,44.573389,37.776321,0.996928,0.988540,0.869626,0.015148,0.069485,0.397865
case1,1792,2304,2048,2560,low,0.073598,48.175566,45.300051,38.253286,0.998052,0.990044,0.883289,0.008280,0.048345,0.328800
case1,2048,2304,2304,2560,low,0.081853,49.350926,45.362063,38.273480,0.997861,0.988970,0.882224,0.009424,0.052758,0.368391
case1,2304,2304,2560,2560,low,0.092580,50.276741,45.925165,38.300323,0.997688,0.988857,0.881055,0.008369,0.056315,0.384823
case1,2560,2304,2816,2560,low,0.087830,49.575364,44.812261,38.246643,0.997923,0.988876,0.887984,0.007921,0.052864,0.363917
case1,2816,2304,3072,2560,low,0.068395,47.038014,44.701616,38.336184,0.997784,0.989242,0.889020,0.006398,0.049574,0.359261
case1,3072,2304,3328,2560,low,0.072968,46.814604,44.476700,38.158177,0.997808,0.988960,0.885932,0.012142,0.057987,0.379957
case1,3328,2304,3584,2560,low,0.067952,47.484002,44.469317,38.069087,0.997939,0.988837,0.887097,0.009790,0.054359,0.372219
case1,3584,2304,3840,2560,low,0.116043,47.799587,44.806760,38.032939,0.997000,0.988135,0.879420,0.012150,0.061035,0.404376
case1,3840,2304,4096,2560,mid,0.119069,46.152372,43.187686,37.857746,0.996330,0.987558,0.883921,0.011431,0.056333,0.397227
case1,0,2560,256,2816,high,1.233012,28.731397,29.053342,26.780346,0.901889,0.903444,0.814223,0.099543,0.133897,0.343076
case1,256,2560,512,2816,high,1.029327,30.434631,30.580371,28.244365,0.919334,0.918837,0.835699,0.090271,0.135056,0.375040
case1,512,2560,768,2816,high,1.451920,28.530602,28.986116,26.767241,0.883285,0.888271,0.789915,0.115224,0.162756,0.452140
case1,768,2560,1024,2816,high,1.414012,28.452383,29.003784,27.028766,0.888661,0.893580,0.799376,0.096196,0.145782,0.412144
case1,1024,2560,1280,2816,high,1.653931,27.657166,27.990255,26.325739,0.863669,0.868687,0.772882,0.122283,0.170210,0.429719
case1,1280,2560,1536,2816,mid,0.790451,32.063982,32.116342,29.443054,0.939384,0.936297,0.838210,0.074842,0.111727,0.403181
case1,1536,2560,1792,2816,high,1.487417,28.615740,28.771014,25.093472,0.878301,0.884386,0.738719,0.126410,0.195607,0.467462
case1,1792,2560,2048,2816,high,1.795720,27.738353,28.193626,25.202473,0.851929,0.860819,0.732033,0.143173,0.185927,0.495207
case1,2048,2560,2304,2816,high,1.560170,28.536733,28.899080,26.427788,0.871675,0.876248,0.763846,0.135094,0.192500,0.467363
case1,2304,2560,2560,2816,high,1.448375,29.127290,29.548459,28.179352,0.885719,0.890397,0.808926,0.116753,0.177618,0.425886
case1,2560,2560,2816,2816,high,1.851267,27.169027,27.416750,26.308234,0.847145,0.849360,0.764114,0.141821,0.203593,0.442767
case1,2816,2560,3072,2816,mid,0.433100,35.973986,36.503161,33.736618,0.968292,0.964439,0.894458,0.046008,0.089982,0.364687
case1,3072,2560,3328,2816,high,1.468002,29.221000,29.708350,26.991649,0.881498,0.891535,0.790632,0.127442,0.161367,0.422382
case1,3328,2560,3584,2816,high,1.629171,28.940179,29.690388,28.213176,0.868642,0.881178,0.797163,0.124993,0.180115,0.419450
case1,3584,2560,3840,2816,high,1.538869,28.752567,28.875972,26.492405,0.869855,0.876347,0.782664,0.123984,0.170421,0.424853
case1,3840,2560,4096,2816,high,1.262970,29.810605,29.886505,26.597170,0.899831,0.903804,0.799624,0.130826,0.169016,0.421071
case1,0,2816,256,3072,mid,0.506271,34.963317,35.063079,31.921651,0.969480,0.964268,0.886213,0.055895,0.092956,0.368087
case1,256,2816,512,3072,mid,0.450012,34.817899,35.130659,32.956598,0.970012,0.966337,0.890255,0.051072,0.109618,0.402608
case1,512,2816,768,3072,mid,0.499145,33.728046,33.956454,31.198962,0.962681,0.958755,0.874033,0.041515,0.103183,0.434477
case1,768,2816,1024,3072,mid,0.488332,34.179545,34.189045,31.773669,0.966949,0.959372,0.874514,0.044513,0.100718,0.430684
case1,1024,2816,1280,3072,mid,0.437403,34.418933,35.072286,33.437974,0.971617,0.965855,0.889101,0.046990,0.099041,0.401939
case1,1280,2816,1536,3072,mid,0.429494,35.059698,34.515512,31.323651,0.970880,0.964179,0.882221,0.037073,0.090235,0.392511
case1,1536,2816,1792,3072,mid,0.282547,39.222048,37.389299,33.320056,0.983751,0.975454,0.892332,0.028707,0.068845,0.379028
case1,1792,2816,2048,3072,mid,0.546931,33.008765,32.959618,29.965428,0.964771,0.957235,0.865617,0.043692,0.101261,0.412885
case1,2048,2816,2304,3072,mid,0.626653,32.670312,32.907747,30.451973,0.954513,0.948356,0.865659,0.055020,0.089485,0.393295
case1,2304,2816,2560,3072,mid,0.540731,33.454057,33.656873,31.674373,0.958841,0.952499,0.885099,0.046050,0.089312,0.356280
case1,2560,2816,2816,3072,mid,0.549215,33.431591,33.648356,31.662221,0.961278,0.953676,0.882934,0.046842,0.098802,0.367384
case1,2816,2816,3072,3072,mid,0.677282,32.798337,33.145058,30.412053,0.950890,0.947539,0.865953,0.048251,0.097617,0.382462
case1,3072,2816,3328,3072,mid,0.395889,35.641313,35.454284,32.976521,0.972989,0.966254,0.898399,0.031558,0.077928,0.365253
case1,3328,2816,3584,3072,high,0.949992,29.803544,30.018488,28.702803,0.923053,0.921164,0.846166,0.073721,0.122627,0.409112
case1,3584,2816,3840,3072,high,0.892568,30.740424,31.008733,28.381780,0.929123,0.929639,0.859153,0.071874,0.112455,0.352944
case1,3840,2816,4096,3072,mid,0.185191,40.157995,39.669869,35.287632,0.990165,0.984855,0.948757,0.015762,0.046241,0.194322
case2,0,0,256,256,mid,4.198843,31.065817,31.473746,28.562434,0.809863,0.792949,0.740895,0.460183,0.403591,0.349248
case2,256,0,512,256,mid,4.236308,31.942454,32.452642,31.023977,0.752655,0.754541,0.705056,0.565239,0.514507,0.488520
case2,512,0,768,256,high,4.902049,32.375593,32.353541,31.574330,0.705649,0.700008,0.662340,0.624342,0.617226,0.634249
case2,768,0,1024,256,mid,3.840088,35.051915,34.739634,34.233982,0.784599,0.774944,0.752194,0.538775,0.561314,0.563443
case2,1024,0,1280,256,mid,4.161993,31.278279,31.410972,28.141588,0.784765,0.767052,0.719319,0.415897,0.412894,0.442856
case2,1280,0,1536,256,high,5.618439,26.753799,28.113011,24.392784,0.728104,0.716282,0.632611,0.395476,0.390325,0.431054
case2,1536,0,1792,256,high,6.905055,24.128321,26.397776,21.606398,0.716257,0.732710,0.616421,0.390160,0.346203,0.420396
case2,1792,0,2048,256,high,5.941249,25.960714,27.819903,22.859651,0.740510,0.743195,0.615678,0.444126,0.431171,0.508496
case2,2048,0,2304,256,high,5.184962,29.189384,29.616102,21.587199,0.735267,0.730190,0.553953,0.520525,0.500711,0.617558
case2,2304,0,2560,256,mid,4.517528,30.909561,31.107279,24.263956,0.768635,0.759742,0.656924,0.522536,0.507451,0.590145
case2,2560,0,2816,256,mid,3.846466,32.539689,33.214127,30.167156,0.811063,0.804876,0.760321,0.487285,0.478573,0.522773
case2,2816,0,3072,256,mid,3.668615,33.871921,34.125711,33.369126,0.823967,0.817503,0.797131,0.464012,0.446544,0.444355
case2,0,256,256,512,high,4.636119,27.383026,27.799804,26.520592,0.788700,0.767426,0.710019,0.336677,0.318418,0.301670
case2,256,256,512,512,mid,4.203705,31.182951,31.662649,29.899938,0.773391,0.770881,0.715546,0.539901,0.503073,0.440110
case2,512,256,768,512,low,3.588384,31.684557,31.838316,29.721110,0.797731,0.790669,0.745584,0.508409,0.482897,0.453771
case2,768,256,1024,512,low,3.603292,32.621117,32.669336,30.757352,0.801818,0.797753,0.765240,0.442674,0.430285,0.433059
case2,1024,256,1280,512,high,4.685557,32.838724,32.542904,28.729581,0.769929,0.756802,0.704629,0.447625,0.477540,0.488490
case2,1280,256,1536,512,mid,3.880213,28.529324,29.171324,24.822606,0.846551,0.831932,0.747842,0.319306,0.302223,0.363758
case2,1536,256,1792,512,mid,4.296016,28.468055,29.791242,25.144435,0.828679,0.825998,0.744299,0.351041,0.332965,0.393968
case2,1792,256,2048,512,mid,4.269241,29.137605,30.502355,25.671807,0.815901,0.809651,0.714655,0.365198,0.360933,0.412792
case2,2048,256,2304,512,mid,4.524719,29.240983,29.920161,21.864414,0.784248,0.779341,0.627481,0.447171,0.427194,0.508888
case2,2304,256,2560,512,mid,4.457703,31.772924,31.727747,26.594040,0.780455,0.767145,0.674475,0.481512,0.474435,0.544930
case2,2560,256,2816,512,low,3.466161,33.005291,33.231599,29.563495,0.844252,0.834488,0.784826,0.380138,0.375174,0.420221
case2,2816,256,3072,512,low,2.330358,36.089214,35.688648,34.704268,0.913251,0.906026,0.888665,0.311071,0.307178,0.283293
case2,0,512,256,768,high,4.702688,27.252353,27.314608,27.042086,0.793724,0.772803,0.724483,0.332631,0.305683,0.265491
case2,256,512,512,768,mid,4.101578,31.174329,31.670616,29.646962,0.781981,0.784152,0.740003,0.529722,0.494876,0.431302
case2,512,512,768,768,mid,4.423731,27.756992,28.736632,26.718200,0.792626,0.806526,0.766058,0.395950,0.329607,0.341316
case2,768,512,1024,768,low,3.354894,33.130695,33.159520,31.949176,0.816845,0.809618,0.786365,0.398002,0.371268,0.347264
case2,1024,512,1280,768,mid,4.015457,32.626391,32.565813,28.480450,0.791985,0.783222,0.747400,0.396756,0.415787,0.440007
case2,1280,512,1536,768,mid,3.855260,27.433236,27.735456,23.479483,0.868021,0.853220,0.776919,0.274894,0.252006,0.323363
case2,1536,512,1792,768,mid,4.403259,26.145336,27.759729,23.622828,0.868754,0.864548,0.786508,0.250907,0.204452,0.292922
case2,1792,512,2048,768,high,4.865997,25.128059,27.234480,22.478908,0.877072,0.872912,0.783028,0.259833,0.198319,0.277297
case2,2048,512,2304,768,mid,3.846792,26.883261,28.632431,23.988762,0.897404,0.894390,0.832495,0.252895,0.214228,0.237421
case2,2304,512,2560,768,high,5.446568,27.510440,28.056550,25.985388,0.774696,0.767614,0.721386,0.399334,0.370708,0.376472
case2,2560,512,2816,768,high,5.847905,26.689795,27.379076,25.490572,0.757418,0.755436,0.717016,0.415890,0.396989,0.408512
case2,2816,512,3072,768,high,5.128987,29.067720,29.294233,28.394953,0.766110,0.759530,0.733262,0.477523,0.471853,0.474956
case2,0,768,256,1024,high,4.853328,26.635748,26.281376,26.124811,0.782945,0.755799,0.705883,0.326953,0.303698,0.261496
case2,256,768,512,1024,low,3.627747,32.300292,32.441995,29.907343,0.826716,0.823134,0.770347,0.480241,0.467705,0.438020
case2,512,768,768,1024,mid,3.776586,29.423588,30.396862,28.717868,0.828296,0.836663,0.795621,0.439235,0.391951,0.357229
case2,768,768,1024,1024,mid,4.536041,30.574016,31.049896,28.755930,0.790562,0.780592,0.725623,0.458978,0.423050,0.375891
case2,1024,768,1280,1024,mid,4.042531,30.563233,30.856670,26.008488,0.815215,0.805835,0.729241,0.379844,0.371794,0.376339
case2,1280,768,1536,1024,mid,4.028071,28.307625,28.168304,21.843305,0.827905,0.807593,0.682078,0.353395,0.345591,0.411180
case2,1536,768,1792,1024,low,3.247137,29.401708,29.714952,24.770215,0.880893,0.878896,0.801841,0.303914,0.279177,0.252028
case2,1792,768,2048,1024,mid,4.038223,28.211448,29.369864,24.615088,0.843344,0.844291,0.769444,0.310364,0.279173,0.262149
case2,2048,768,2304,1024,mid,3.888291,28.332465,29.459974,24.660503,0.855212,0.853532,0.782885,0.314101,0.302718,0.313680
case2,2304,768,2560,1024,low,3.557241,33.442997,33.422047,28.344557,0.827148,0.818956,0.766043,0.408364,0.419256,0.422882
case2,2560,768,2816,1024,low,3.478159,35.888423,35.533023,34.441473,0.822885,0.811914,0.786826,0.442785,0.459871,0.451208
case2,2816,768,3072,1024,low,3.179469,36.035364,35.727261,34.582909,0.830072,0.813826,0.795463,0.381502,0.392828,0.402904
case2,0,1024,256,1280,high,5.108755,26.402834,25.825538,25.704208,0.781331,0.751426,0.710701,0.277383,0.259297,0.231291
case2,256,1024,512,1280,low,3.504120,32.930252,33.086017,31.089296,0.839413,0.835365,0.789500,0.467504,0.438388,0.413907
case2,512,1024,768,1280,low,2.599284,37.938934,37.396902,36.232770,0.889520,0.881142,0.839464,0.441280,0.415989,0.401100
case2,768,1024,1024,1280,mid,4.340988,30.646959,30.533003,29.282949,0.792316,0.774528,0.719026,0.446136,0.437756,0.418723
case2,1024,1024,1280,1280,high,4.813578,28.756596,28.994915,25.180039,0.776970,0.762585,0.698687,0.418077,0.426845,0.464239
case2,1280,1024,1536,1280,mid,3.774791,28.880252,29.203663,23.136352,0.865801,0.847618,0.724370,0.318128,0.295617,0.349478
case2,1536,1024,1792,1280,mid,3.723012,28.726468,28.065572,22.009748,0.865386,0.860737,0.784573,0.261621,0.237181,0.317940
case2,1792,1024,2048,1280,mid,3.965963,28.384721,29.193835,23.374844,0.850382,0.861398,0.789339,0.276404,0.258497,0.310896
case2,2048,1024,2304,1280,mid,4.482976,27.246095,28.380615,22.155818,0.827931,0.846729,0.765427,0.254804,0.230430,0.291489
case2,2304,1024,2560,1280,mid,3.646642,29.551789,30.240756,25.573108,0.822149,0.814990,0.758105,0.383473,0.375139,0.387593
case2,2560,1024,2816,1280,mid,3.643509,29.029955,30.278536,31.115553,0.830186,0.824368,0.811339,0.396145,0.385012,0.356280
case2,2816,1024,3072,1280,low,3.099014,29.135421,29.957468,30.866706,0.840679,0.815194,0.808496,0.314671,0.308066,0.271820
case2,0,1280,256,1536,high,4.653615,27.812660,27.792305,26.233012,0.801731,0.770112,0.714536,0.308282,0.295019,0.303140
case2,256,1280,512,1536,low,3.477320,32.753721,33.233164,30.502283,0.841998,0.839181,0.782224,0.480634,0.437544,0.426016
case2,512,1280,768,1536,high,5.469838,24.602577,26.511794,22.492010,0.781934,0.804651,0.685862,0.386249,0.288310,0.343411
case2,768,1280,1024,1536,mid,4.333532,30.386574,30.632611,26.801282,0.797899,0.783828,0.685269,0.447948,0.418842,0.431118
case2,1024,1280,1280,1536,high,4.733434,29.054562,29.080988,25.554168,0.780233,0.773718,0.698835,0.407026,0.389491,0.399153
case2,1280,1280,1536,1536,mid,4.200877,26.879085,28.047887,23.838635,0.844998,0.839889,0.725635,0.322822,0.287491,0.347889
case2,1536,1280,1792,1536,low,3.099950,30.609228,30.112566,23.229396,0.879733,0.875982,0.788117,0.306018,0.260915,0.349799
case2,1792,1280,2048,1536,low,3.538757,29.186696,30.374349,21.623468,0.860805,0.866387,0.760601,0.316063,0.231463,0.354123
case2,2048,1280,2304,1536,mid,3.891408,28.156678,28.814049,21.861119,0.861871,0.862174,0.766948,0.301190,0.231412,0.295977
case2,2304,1280,2560,1536,mid,4.264277,26.873392,28.271846,24.358755,0.858366,0.867166,0.781434,0.275645,0.205288,0.212160
case2,2560,1280,2816,1536,low,3.317042,28.965920,30.498612,26.210759,0.905448,0.907547,0.853557,0.243497,0.190327,0.225268
case2,2816,1280,3072,1536,low,2.848648,29.647401,30.484196,27.073801,0.910556,0.905726,0.859407,0.225495,0.185798,0.207202
case2,0,1536,256,1792,high,4.839091,27.263596,27.726340,24.300805,0.788544,0.752182,0.666612,0.284074,0.274851,0.304146
case2,256,1536,512,1792,mid,4.150395,28.899417,30.570274,27.383651,0.816979,0.823547,0.727244,0.426248,0.353171,0.325694
case2,512,1536,768,1792,high,5.305222,25.149420,26.586460,23.252456,0.796413,0.811725,0.692467,0.359351,0.246960,0.307352
case2,768,1536,1024,1792,mid,4.163951,30.364943,30.726873,26.625335,0.800219,0.786846,0.658955,0.389229,0.348623,0.397065
case2,1024,1536,1280,1792,mid,4.138321,29.448934,29.711232,26.241042,0.797578,0.790106,0.695538,0.377920,0.342010,0.398779
case2,1280,1536,1536,1792,mid,3.936478,27.893379,28.060225,25.366137,0.852361,0.842587,0.756469,0.330398,0.276114,0.281041
case2,1536,1536,1792,1792,low,2.976506,30.617119,30.290041,22.807200,0.890223,0.878358,0.783000,0.285664,0.229005,0.315179
case2,1792,1536,2048,1792,low,3.605286,28.960008,29.518124,20.623408,0.867673,0.855783,0.719635,0.291010,0.250400,0.421905
case2,2048,1536,2304,1792,low,3.425273,29.070683,28.979062,21.520529,0.889638,0.872279,0.750288,0.282071,0.219298,0.334859
case2,2304,1536,2560,1792,mid,4.245631,26.502875,28.456794,23.110793,0.866646,0.870646,0.758972,0.231271,0.158464,0.213322
case2,2560,1536,2816,1792,low,3.178955,28.897964,30.399159,25.350693,0.910062,0.903713,0.831993,0.188719,0.146614,0.202060
case2,2816,1536,3072,1792,low,3.154083,28.029375,29.713743,25.954777,0.907191,0.906079,0.847218,0.199396,0.145892,0.193253
case2,0,1792,256,2048,high,4.951365,26.730026,26.944986,24.135653,0.778619,0.742959,0.653242,0.267207,0.236748,0.258505
case2,256,1792,512,2048,mid,4.435954,27.282196,28.599287,27.004461,0.804089,0.817601,0.726041,0.439566,0.367196,0.309789
case2,512,1792,768,2048,high,5.354477,24.936470,25.430394,24.850327,0.794328,0.800294,0.722112,0.352995,0.270351,0.287606
case2,768,1792,1024,2048,mid,4.467702,29.512925,30.079636,27.532241,0.804646,0.787605,0.671680,0.413222,0.375717,0.382126
case2,1024,1792,1280,2048,high,4.627864,28.215300,28.291331,27.035678,0.803476,0.794183,0.685086,0.360964,0.312489,0.340351
case2,1280,1792,1536,2048,mid,4.326055,27.331796,27.491490,25.571575,0.850469,0.840338,0.761034,0.306917,0.258691,0.275566
case2,1536,1792,1792,2048,low,2.572912,33.200336,33.664747,25.874806,0.916971,0.908037,0.841111,0.267998,0.242009,0.278857
case2,1792,1792,2048,2048,low,2.581202,33.224947,32.442984,25.170520,0.912001,0.899535,0.820769,0.263027,0.242095,0.295453
case2,2048,1792,2304,2048,low,2.904195,30.928399,29.934358,22.811537,0.916048,0.895301,0.797624,0.262630,0.246377,0.289011
case2,2304,1792,2560,2048,mid,4.168945,27.082638,27.518485,20.385738,0.861946,0.862940,0.723079,0.252035,0.204123,0.289805
case2,2560,1792,2816,2048,low,2.787990,29.986063,30.824130,24.652424,0.913751,0.906473,0.828351,0.232417,0.195132,0.257078
case2,2816,1792,3072,2048,low,3.077098,28.607655,29.248805,23.815159,0.907416,0.901882,0.828813,0.219424,0.164755,0.242818
case2,0,2048,256,2304,high,4.694743,27.129552,27.189521,26.186288,0.785362,0.754464,0.682881,0.296232,0.261204,0.254608
case2,256,2048,512,2304,high,4.630396,26.802437,27.667708,25.255901,0.798803,0.804016,0.681725,0.388691,0.301669,0.271832
case2,512,2048,768,2304,high,5.878230,24.278625,25.464137,23.367925,0.743024,0.766972,0.616168,0.419507,0.276093,0.336327
case2,768,2048,1024,2304,high,4.886053,27.493968,28.459956,24.884683,0.781747,0.773906,0.578084,0.387713,0.320029,0.377582
case2,1024,2048,1280,2304,high,5.234787,26.794452,27.720584,25.657761,0.772359,0.768757,0.604425,0.352749,0.290028,0.329881
case2,1280,2048,1536,2304,mid,3.954880,29.759692,29.557218,26.518810,0.834544,0.814644,0.727192,0.322429,0.316654,0.339324
case2,1536,2048,1792,2304,mid,4.215012,26.405547,27.411455,25.188321,0.881088,0.872970,0.795722,0.248214,0.181567,0.221829
case2,1792,2048,2048,2304,high,4.977997,25.036906,25.939119,23.500761,0.860656,0.849445,0.752756,0.244401,0.178116,0.251543
case2,2048,2048,2304,2304,high,4.759811,25.342537,27.614536,21.676144,0.869814,0.864024,0.737147,0.246797,0.206502,0.287375
case2,2304,2048,2560,2304,high,5.694264,24.738313,25.653318,18.404250,0.810792,0.830628,0.676515,0.259234,0.184244,0.256360
case2,2560,2048,2816,2304,mid,3.959635,26.953462,27.930805,21.446386,0.881813,0.883427,0.792835,0.215285,0.169226,0.228583
case2,2816,2048,3072,2304,high,6.142639,23.928416,24.631310,20.211053,0.816219,0.826930,0.727374,0.283545,0.184451,0.233092
case2,0,2304,256,2560,mid,4.591156,27.759866,28.064079,26.781857,0.786248,0.760935,0.696632,0.295654,0.272955,0.274966
case2,256,2304,512,2560,mid,4.375961,27.360675,28.498412,24.892793,0.814957,0.817326,0.667693,0.394772,0.316784,0.321050
case2,512,2304,768,2560,high,5.507115,24.703201,25.868309,22.744043,0.715643,0.739243,0.514008,0.536971,0.363911,0.475311
case2,768,2304,1024,2560,high,5.506516,26.768857,27.358276,24.367873,0.756032,0.748020,0.567349,0.425581,0.355579,0.398066
case2,1024,2304,1280,2560,high,5.880463,25.556977,26.449555,24.298920,0.745348,0.744968,0.607609,0.379360,0.309316,0.373984
case2,1280,2304,1536,2560,mid,4.244639,28.350945,28.885131,24.245923,0.832240,0.815385,0.698441,0.335845,0.314288,0.351468
case2,1536,2304,1792,2560,mid,4.320486,26.165971,27.092580,24.110162,0.878700,0.866773,0.771740,0.228891,0.183553,0.217513
case2,1792,2304,2048,2560,high,4.945440,25.250126,26.267991,22.959355,0.868733,0.856308,0.740295,0.239446,0.184338,0.256222
case2,2048,2304,2304,2560,mid,4.312434,26.396257,27.528185,21.625095,0.885145,0.861356,0.728017,0.219367,0.200495,0.276642
case2,2304,2304,2560,2560,low,2.906143,29.550429,30.248851,21.419485,0.900437,0.898969,0.779304,0.237211,0.186149,0.257604
case2,2560,2304,2816,2560,low,1.929840,34.790700,35.161847,27.797573,0.942276,0.932629,0.869195,0.211966,0.187170,0.224889
case2,2816,2304,3072,2560,low,2.718776,30.450079,30.793228,25.688091,0.917826,0.906561,0.847681,0.220197,0.186527,0.215765
case2,0,2560,256,2816,mid,4.549876,27.336395,27.657926,25.491851,0.786148,0.756916,0.673194,0.275543,0.244381,0.270998
case2,256,2560,512,2816,high,4.684072,26.542681,27.846567,23.955452,0.808079,0.813453,0.648991,0.388198,0.309024,0.313963
case2,512,2560,768,2816,high,4.910640,27.416759,28.107215,24.218599,0.712518,0.716672,0.468845,0.612317,0.523674,0.596806
case2,768,2560,1024,2816,high,5.656418,26.087217,26.843827,25.256391,0.752137,0.752214,0.621801,0.437848,0.379136,0.372438
case2,1024,2560,1280,2816,high,6.579717,24.295372,25.121793,22.925760,0.728090,0.731661,0.619084,0.379600,0.299271,0.342290
case2,1280,2560,1536,2816,high,4.826426,26.837007,27.704416,22.976897,0.791570,0.785118,0.672373,0.371109,0.298896,0.381380
case2,1536,2560,1792,2816,high,5.066951,24.789146,26.437664,22.329945,0.869656,0.866904,0.753892,0.273021,0.187522,0.239115
case2,1792,2560,2048,2816,high,6.086091,23.727347,25.158060,21.468767,0.851985,0.853356,0.739758,0.246059,0.167696,0.234378
case2,2048,2560,2304,2816,high,5.820557,24.477417,26.275810,20.456570,0.840003,0.843003,0.711778,0.286774,0.221709,0.269120
case2,2304,2560,2560,2816,low,2.177943,33.755750,33.376578,24.321670,0.926102,0.912435,0.827453,0.217742,0.200302,0.263176
case2,2560,2560,2816,2816,low,1.957321,34.854376,34.187042,27.506707,0.942585,0.927947,0.869517,0.214071,0.196556,0.240072
case2,2816,2560,3072,2816,low,2.017746,34.615408,35.385874,29.645644,0.935841,0.926104,0.882896,0.225483,0.197317,0.205899
case2,0,2816,256,3072,mid,4.475362,29.131522,29.344108,24.602412,0.772020,0.758744,0.673095,0.335949,0.293337,0.329979
case2,256,2816,512,3072,high,5.152069,25.233223,27.331510,23.308841,0.761754,0.782153,0.605451,0.394804,0.302335,0.336568
case2,512,2816,768,3072,high,5.011353,27.497910,28.225211,23.586116,0.717725,0.722531,0.464047,0.599423,0.475451,0.592090
case2,768,2816,1024,3072,high,5.324041,27.122954,28.300827,24.417479,0.755774,0.757951,0.530918,0.451021,0.370960,0.412784
case2,1024,2816,1280,3072,high,5.300003,27.322260,28.559221,23.483896,0.758595,0.752705,0.536611,0.420367,0.366000,0.462665
case2,1280,2816,1536,3072,high,4.627635,27.348302,28.201955,22.903140,0.812003,0.801722,0.697992,0.352625,0.308560,0.382695
case2,1536,2816,1792,3072,mid,3.992966,26.943265,27.785450,24.902543,0.882366,0.878500,0.810469,0.249827,0.207688,0.219868
case2,1792,2816,2048,3072,high,4.647115,25.537646,26.610594,23.141284,0.875725,0.875684,0.796557,0.238568,0.180174,0.236569
case2,2048,2816,2304,3072,high,4.706258,25.850899,27.527822,21.413652,0.852259,0.852361,0.733482,0.271770,0.232966,0.291632
case2,2304,2816,2560,3072,low,3.102219,29.573271,30.871121,25.092071,0.855639,0.864973,0.766974,0.270217,0.167148,0.279138
case2,2560,2816,2816,3072,low,3.293701,28.668141,28.672880,24.418920,0.879280,0.848845,0.747646,0.197179,0.172621,0.245567
case2,2816,2816,3072,3072,low,2.894135,30.277211,30.023549,26.534594,0.890233,0.865233,0.788628,0.201537,0.176259,0.215745
case2,0,3072,256,3328,low,2.592514,31.961529,31.833580,29.870455,0.877003,0.864830,0.834944,0.366134,0.336223,0.311319
case2,256,3072,512,3328,low,3.114619,30.634003,31.408519,26.378167,0.841073,0.836057,0.717211,0.384155,0.330341,0.345793
case2,512,3072,768,3328,mid,3.796097,29.777568,30.766779,25.618696,0.808346,0.811008,0.629405,0.516407,0.422674,0.455874
case2,768,3072,1024,3328,high,6.077886,25.718566,26.931962,23.834939,0.723952,0.739199,0.534685,0.456898,0.362608,0.409295
case2,1024,3072,1280,3328,high,4.602839,30.696173,30.990746,25.664389,0.776156,0.764034,0.552217,0.450733,0.412093,0.546342
case2,1280,3072,1536,3328,low,3.600428,30.622996,31.507297,23.666532,0.858485,0.848042,0.738866,0.336708,0.323895,0.375918
case2,1536,3072,1792,3328,low,2.470195,31.057965,32.320342,28.353867,0.922759,0.917119,0.871146,0.219822,0.196708,0.237575
case2,1792,3072,2048,3328,low,2.682246,30.165281,31.355866,26.939055,0.915912,0.909540,0.848930,0.214905,0.185174,0.272164
case2,2048,3072,2304,3328,low,3.340373,28.615619,28.547360,21.726876,0.898175,0.885681,0.770611,0.240683,0.232580,0.332316
case2,2304,3072,2560,3328,low,1.999746,35.146253,34.125230,23.802213,0.934112,0.921299,0.838991,0.223024,0.193562,0.279338
case2,2560,3072,2816,3328,low,1.886124,36.100819,34.847417,25.323051,0.942076,0.928118,0.861318,0.217674,0.192466,0.251836
case2,2816,3072,3072,3328,low,1.940425,36.008955,34.642785,25.218234,0.938090,0.923205,0.857110,0.233421,0.202510,0.243694
case2,0,3328,256,3584,low,1.962026,34.223490,34.040444,33.872071,0.911485,0.901392,0.881023,0.298299,0.277814,0.256258
case2,256,3328,512,3584,low,3.378078,31.246775,31.509965,28.224065,0.811703,0.804545,0.694304,0.501175,0.451303,0.414878
case2,512,3328,768,3584,mid,3.970083,29.064917,30.123280,26.392214,0.791293,0.800461,0.688273,0.537101,0.453024,0.444996
case2,768,3328,1024,3584,high,6.410527,25.151336,25.857012,25.048930,0.715690,0.726375,0.656792,0.469951,0.388845,0.326758
case2,1024,3328,1280,3584,high,6.425923,26.209577,26.643069,23.277348,0.686831,0.691786,0.587493,0.482031,0.395753,0.390555
case2,1280,3328,1536,3584,high,4.592341,26.596881,28.528274,22.036256,0.824321,0.827918,0.699289,0.352697,0.295578,0.342737
case2,1536,3328,1792,3584,mid,4.061529,26.511201,27.890488,24.336638,0.891663,0.888735,0.810144,0.221655,0.163229,0.227695
case2,1792,3328,2048,3584,high,4.797023,25.482203,26.460814,23.281910,0.870367,0.874558,0.792592,0.216228,0.148930,0.214994
case2,2048,3328,2304,3584,high,4.711868,25.710771,27.043756,19.960462,0.863890,0.865657,0.719003,0.239974,0.179845,0.302844
case2,2304,3328,2560,3584,low,2.013224,34.405782,33.941025,22.328771,0.932101,0.922437,0.823295,0.226280,0.176446,0.308184
case2,2560,3328,2816,3584,low,1.856318,35.461609,35.250013,23.568557,0.942159,0.929950,0.841632,0.218659,0.178615,0.275572
case2,2816,3328,3072,3584,low,2.007040,33.893010,32.028510,21.922887,0.935554,0.915921,0.825615,0.226498,0.190607,0.282902
case2,0,3584,256,3840,low,1.692266,38.448517,36.959240,31.854233,0.937860,0.926738,0.889844,0.254425,0.242109,0.249641
case2,256,3584,512,3840,mid,4.563685,28.619431,28.968176,26.624604,0.743466,0.736048,0.596613,0.534305,0.459147,0.404857
case2,512,3584,768,3840,low,3.444865,31.986686,32.175996,29.970056,0.836993,0.833950,0.791948,0.488481,0.459883,0.436110
case2,768,3584,1024,3840,high,6.096868,25.786451,26.288380,25.780408,0.715866,0.721215,0.690875,0.460236,0.396144,0.346305
case2,1024,3584,1280,3840,high,6.258520,26.963944,27.338514,22.257693,0.677380,0.680240,0.543536,0.528762,0.440916,0.469606
case2,1280,3584,1536,3840,high,4.592819,26.383228,28.378579,20.362065,0.818016,0.817453,0.621303,0.372804,0.315663,0.400180
case2,1536,3584,1792,3840,mid,4.465947,25.996920,27.036950,22.492423,0.880011,0.880042,0.782971,0.240788,0.185956,0.228018
case2,1792,3584,2048,3840,high,5.482050,24.652200,25.732499,21.886324,0.853843,0.865825,0.763486,0.252017,0.177480,0.240079
case2,2048,3584,2304,3840,low,3.533691,28.135251,28.926900,20.733916,0.889416,0.882378,0.739361,0.261379,0.205054,0.320951
case2,2304,3584,2560,3840,low,2.392690,31.712395,32.649370,21.534434,0.913347,0.911926,0.794986,0.237982,0.176608,0.307782
case2,2560,3584,2816,3840,low,2.074356,33.092672,32.458272,22.200762,0.929507,0.917902,0.812871,0.220244,0.185895,0.294131
case2,2816,3584,3072,3840,low,2.256053,31.661755,31.395759,20.654082,0.926934,0.914068,0.797919,0.231665,0.188247,0.307703
case2,0,3840,256,4096,low,1.895950,36.351893,35.453500,27.901569,0.929290,0.915268,0.847227,0.272526,0.256075,0.282753
case2,256,3840,512,4096,mid,4.065231,29.712914,30.082663,26.079015,0.770413,0.758620,0.597826,0.521796,0.457966,0.466124
case2,512,3840,768,4096,low,3.177973,35.277115,34.397559,32.168899,0.866019,0.856143,0.824762,0.451295,0.444041,0.428615
case2,768,3840,1024,4096,high,5.420796,28.431827,28.291167,27.711099,0.718127,0.707919,0.657129,0.501065,0.478321,0.420853
case2,1024,3840,1280,4096,high,5.984096,27.838056,28.311883,21.622188,0.665465,0.662535,0.447977,0.528041,0.474361,0.571832
case2,1280,3840,1536,4096,mid,4.000610,27.830941,29.549416,19.978454,0.837689,0.833118,0.591351,0.362800,0.300793,0.430578
case2,1536,3840,1792,4096,low,3.185359,29.309364,29.934371,24.991381,0.885105,0.876787,0.776374,0.301282,0.239399,0.306468
case2,1792,3840,2048,4096,mid,3.958267,27.252664,28.083104,24.853637,0.859233,0.853569,0.746814,0.305647,0.240036,0.311970
case2,2048,3840,2304,4096,low,3.342626,29.116030,28.816321,20.772699,0.881105,0.860089,0.707644,0.263199,0.215578,0.374123
case2,2304,3840,2560,4096,low,3.329310,28.595372,29.517546,19.375933,0.881466,0.882773,0.743652,0.264894,0.188500,0.317505
case2,2560,3840,2816,4096,low,3.118276,28.818477,29.187873,20.175558,0.890886,0.883312,0.761528,0.259685,0.205957,0.313892
case2,2816,3840,3072,4096,low,2.788198,29.882175,29.994281,20.161366,0.901690,0.891643,0.764091,0.252815,0.207568,0.312530
case3,0,0,256,256,mid,0.981359,44.918550,42.211677,39.735842,0.979650,0.965499,0.927615,0.155036,0.176492,0.324365
case3,256,0,512,256,mid,0.886398,45.215300,42.267695,39.044020,0.982354,0.968578,0.922844,0.127774,0.160745,0.363598
case3,512,0,768,256,mid,0.794123,46.087931,41.356456,33.467861,0.985867,0.969356,0.787902,0.096039,0.153198,0.530769
case3,768,0,1024,256,low,0.582382,47.284836,42.700258,34.384998,0.990042,0.974754,0.787319,0.051786,0.123014,0.490262
case3,1024,0,1280,256,low,0.631963,47.124733,43.831389,40.091313,0.989441,0.978729,0.930504,0.046731,0.081071,0.323924
case3,1280,0,1536,256,low,0.601481,47.176662,44.053537,39.924159,0.989717,0.979160,0.927002,0.047236,0.087276,0.331008
case3,1536,0,1792,256,low,0.664943,46.569070,42.936880,38.006573,0.988353,0.976446,0.916242,0.060269,0.107847,0.404674
case3,1792,0,2048,256,low,0.600947,46.816122,43.639407,39.388354,0.989754,0.979579,0.925768,0.040593,0.085783,0.358695
case3,2048,0,2304,256,low,0.586736,47.254311,44.083878,40.666036,0.989944,0.980405,0.944220,0.041528,0.072037,0.280364
case3,2304,0,2560,256,low,0.595373,47.008334,43.805569,40.524325,0.989793,0.980315,0.948071,0.040833,0.084515,0.294899
case3,2560,0,2816,256,low,0.669525,46.388782,42.140661,35.178629,0.988256,0.975461,0.886642,0.065410,0.144655,0.489782
case3,2816,0,3072,256,low,0.622798,46.642128,43.470175,37.886055,0.989130,0.978523,0.901073,0.051033,0.099185,0.385085
case3,3072,0,3328,256,low,0.676488,46.545730,43.456518,39.484198,0.988124,0.978282,0.933791,0.065184,0.102060,0.342627
case3,3328,0,3584,256,low,0.642705,46.915328,43.091903,37.764332,0.988844,0.978127,0.901159,0.053845,0.104369,0.389743
case3,3584,0,3840,256,low,0.634201,46.957155,43.236811,36.768290,0.988661,0.975978,0.845916,0.061275,0.108748,0.470625
case3,3840,0,4096,256,low,0.636607,47.100673,43.465366,37.179663,0.988474,0.975957,0.847320,0.070236,0.111023,0.453006
case3,0,256,256,512,mid,0.960058,44.291604,41.439051,37.103437,0.979354,0.964893,0.917302,0.145252,0.175049,0.330213
case3,256,256,512,512,mid,0.818604,45.392623,41.374479,33.596315,0.983765,0.969798,0.880066,0.112336,0.130736,0.366405
case3,512,256,768,512,low,0.621145,46.909355,42.720619,33.798895,0.989083,0.975333,0.813660,0.058419,0.115394,0.501931
case3,768,256,1024,512,low,0.667043,46.617799,42.054434,34.388764,0.988479,0.973922,0.832105,0.056903,0.121139,0.479909
case3,1024,256,1280,512,mid,0.786082,45.425945,42.282161,38.312603,0.985307,0.972079,0.920748,0.073623,0.121655,0.361621
case3,1280,256,1536,512,low,0.590271,47.080125,43.602957,39.115535,0.989964,0.979591,0.923648,0.047005,0.083840,0.353420
case3,1536,256,1792,512,low,0.664251,46.641469,42.148443,34.484721,0.988699,0.974472,0.845169,0.054157,0.119388,0.449032
case3,1792,256,2048,512,low,0.684438,46.394494,42.384599,34.652835,0.988437,0.974368,0.850239,0.055202,0.116874,0.438965
case3,2048,256,2304,512,low,0.643260,46.478172,43.223368,39.631624,0.988777,0.978141,0.940215,0.050594,0.091069,0.305669
case3,2304,256,2560,512,low,0.664144,46.232854,42.331285,37.991876,0.988420,0.977167,0.912286,0.053756,0.108562,0.374359
case3,2560,256,2816,512,low,0.611465,46.518550,42.470672,36.584608,0.989287,0.977661,0.875042,0.043976,0.100920,0.448609
case3,2816,256,3072,512,low,0.623123,46.872777,42.819174,37.024748,0.989399,0.977669,0.902673,0.043442,0.101056,0.389684
case3,3072,256,3328,512,low,0.575953,47.507724,43.960531,40.355536,0.990232,0.980044,0.941534,0.034405,0.086374,0.322064
case3,3328,256,3584,512,low,0.581660,47.286309,43.889894,39.523888,0.989999,0.979926,0.921941,0.045358,0.087447,0.346905
case3,3584,256,3840,512,low,0.579687,47.094926,43.513297,38.418179,0.990023,0.978531,0.896902,0.049664,0.084594,0.374441
case3,3840,256,4096,512,low,0.595713,47.410981,43.918256,38.744292,0.989367,0.977171,0.892417,0.063759,0.102488,0.384358
case3,0,512,256,768,mid,0.818349,45.167386,42.049797,37.005321,0.983701,0.970841,0.900057,0.101272,0.129746,0.331260
case3,256,512,512,768,mid,0.754359,45.690853,41.352225,34.243443,0.985682,0.971805,0.867692,0.078025,0.106681,0.379411
case3,512,512,768,768,mid,0.830811,45.414703,39.694902,31.507242,0.984778,0.966248,0.789745,0.105964,0.149020,0.487634
case3,768,512,1024,768,mid,0.736577,46.031769,41.302316,34.195222,0.986697,0.972344,0.862046,0.073696,0.109510,0.392124
case3,1024,512,1280,768,low,0.640371,46.393399,43.081711,38.004519,0.988813,0.977288,0.911043,0.047749,0.103655,0.370392
case3,1280,512,1536,768,low,0.614212,46.739752,43.370008,39.124195,0.989286,0.977560,0.918141,0.053252,0.098715,0.339373
case3,1536,512,1792,768,low,0.644470,46.665379,40.942569,32.462235,0.988877,0.971351,0.831251,0.050155,0.127923,0.453918
case3,1792,512,2048,768,low,0.666214,46.226652,41.879563,33.973494,0.988483,0.974317,0.862095,0.046784,0.109977,0.399115
case3,2048,512,2304,768,low,0.665624,46.654343,43.605886,39.996012,0.988418,0.978791,0.947790,0.045840,0.082260,0.275812
case3,2304,512,2560,768,low,0.719691,42.413347,41.072722,34.435438,0.984421,0.977018,0.925145,0.049663,0.079084,0.294666
case3,2560,512,2816,768,low,0.499547,48.080009,44.350672,39.803803,0.991856,0.983195,0.926640,0.038445,0.073266,0.296673
case3,2816,512,3072,768,low,0.595652,47.011030,43.295681,38.142195,0.990034,0.979493,0.915960,0.039681,0.096444,0.365693
case3,3072,512,3328,768,low,0.584356,47.411674,42.280851,34.674414,0.990240,0.976515,0.840050,0.042341,0.118743,0.469906
case3,3328,512,3584,768,low,0.629629,46.965660,42.944797,35.709296,0.989463,0.976530,0.846562,0.045744,0.097761,0.450748
case3,3584,512,3840,768,mid,0.796880,45.518860,42.583865,38.381525,0.984630,0.970755,0.907329,0.083551,0.124799,0.357246
case3,3840,512,4096,768,mid,0.864909,45.084942,42.000153,37.581351,0.982012,0.966441,0.900311,0.112294,0.143344,0.365579
case3,0,768,256,1024,mid,0.753759,45.670147,38.973365,29.302119,0.985213,0.960972,0.739717,0.111820,0.194053,0.588168
case3,256,768,512,1024,low,0.673121,46.180871,40.945359,32.121089,0.987864,0.970312,0.726783,0.075020,0.135104,0.552469
case3,512,768,768,1024,low,0.729060,45.871581,40.196338,31.416932,0.986966,0.969860,0.779440,0.065414,0.108925,0.481745
case3,768,768,1024,1024,mid,0.729548,45.765779,41.027112,33.424744,0.986851,0.971581,0.837163,0.073412,0.123792,0.431837
case3,1024,768,1280,1024,low,0.655197,46.489298,41.590503,34.161770,0.988733,0.973576,0.822813,0.053762,0.111253,0.480081
case3,1280,768,1536,1024,low,0.572266,47.029726,42.394911,33.983083,0.990359,0.974931,0.803172,0.047919,0.111415,0.495132
case3,1536,768,1792,1024,low,0.538350,47.127064,42.945279,35.854248,0.990794,0.978413,0.870514,0.036688,0.086946,0.381218
case3,1792,768,2048,1024,low,0.667343,46.150552,43.040323,38.834938,0.988423,0.978388,0.943916,0.046883,0.083526,0.269657
case3,2048,768,2304,1024,mid,0.949005,42.660298,39.633735,34.156194,0.975651,0.961215,0.909963,0.087639,0.109666,0.248976
case3,2304,768,2560,1024,high,5.082225,30.512236,29.713208,24.958896,0.778214,0.757787,0.607820,0.421361,0.356037,0.292607
case3,2560,768,2816,1024,high,3.531036,30.922408,30.077043,25.128222,0.859992,0.833996,0.718833,0.198989,0.158719,0.219761
case3,2816,768,3072,1024,mid,0.797775,41.463740,40.770989,34.509696,0.984867,0.976597,0.922504,0.047310,0.083217,0.285411
case3,3072,768,3328,1024,low,0.597331,47.072692,43.271788,36.117654,0.990150,0.977437,0.844541,0.044511,0.112876,0.474794
case3,3328,768,3584,1024,low,0.528422,47.402175,42.907692,35.276530,0.990900,0.977125,0.807465,0.039977,0.102605,0.482056
case3,3584,768,3840,1024,low,0.521942,47.766353,43.741173,37.224667,0.991307,0.978905,0.874506,0.036555,0.091735,0.403217
case3,3840,768,4096,1024,low,0.637136,46.246531,43.105876,38.865287,0.988114,0.975930,0.923702,0.068399,0.116740,0.358027
case3,0,1024,256,1280,mid,0.812729,44.968556,38.576552,30.915166,0.983907,0.963506,0.798856,0.107877,0.156223,0.481446
case3,256,1024,512,1280,low,0.698812,45.922759,41.480078,32.773790,0.987173,0.971315,0.795140,0.075937,0.141887,0.499829
case3,512,1024,768,1280,mid,0.735748,45.239933,38.488245,30.134670,0.986186,0.966359,0.820489,0.065988,0.115752,0.424144
case3,768,1024,1024,1280,low,0.596812,46.439976,42.418929,35.758034,0.989517,0.977864,0.902230,0.046889,0.097009,0.343926
case3,1024,1024,1280,1280,low,0.688553,45.581054,39.510601,28.084114,0.987801,0.963030,0.705883,0.053830,0.150173,0.595827
case3,1280,1024,1536,1280,mid,0.805598,44.707607,35.525984,24.744205,0.984768,0.941016,0.537981,0.063271,0.197197,0.764011
case3,1536,1024,1792,1280,low,0.725311,45.237414,38.406216,28.732434,0.987081,0.963626,0.767606,0.055240,0.151644,0.537715
case3,1792,1024,2048,1280,low,0.665670,46.092073,43.050583,39.479672,0.988072,0.979076,0.954610,0.051109,0.093225,0.248470
case3,2048,1024,2304,1280,mid,1.156357,41.506765,39.238776,31.343862,0.967540,0.954052,0.875809,0.125553,0.115323,0.209665
case3,2304,1024,2560,1280,high,3.972951,34.070549,33.657661,28.915080,0.827205,0.812505,0.623725,0.510989,0.431980,0.291024
case3,2560,1024,2816,1280,mid,0.960292,38.494394,37.318357,34.775195,0.977288,0.969490,0.949275,0.061935,0.074863,0.154963
case3,2816,1024,3072,1280,low,0.638550,46.063984,42.650499,38.417946,0.989072,0.978642,0.943500,0.037872,0.079474,0.259224
case3,3072,1024,3328,1280,low,0.707159,45.638312,42.423182,37.901260,0.987472,0.974270,0.924548,0.052033,0.107625,0.332013
case3,3328,1024,3584,1280,low,0.552490,47.326429,43.180946,37.573317,0.990516,0.978243,0.885972,0.041661,0.104986,0.400329
case3,3584,1024,3840,1280,low,0.703562,45.766766,40.898132,35.502325,0.986673,0.971491,0.891160,0.059066,0.130871,0.389176
case3,3840,1024,4096,1280,mid,0.769552,45.593414,42.050974,37.886142,0.985680,0.971915,0.932745,0.072892,0.109345,0.295818
case3,0,1280,256,1536,mid,1.095123,41.529001,38.076146,32.550533,0.975259,0.957995,0.907664,0.074315,0.085874,0.169897
case3,256,1280,512,1536,mid,0.960409,42.598238,39.094694,32.013603,0.979145,0.962848,0.885493,0.073477,0.084356,0.275367
case3,512,1280,768,1536,mid,0.907084,43.601135,39.655445,30.999553,0.981166,0.960903,0.822057,0.079603,0.104386,0.401077
case3,768,1280,1024,1536,mid,0.983439,42.332737,37.967775,28.409084,0.978039,0.949246,0.748804,0.066922,0.097803,0.484703
case3,1024,1280,1280,1536,mid,0.729080,44.801472,37.148532,27.344727,0.986367,0.958015,0.774930,0.052145,0.166517,0.576719
case3,1280,1280,1536,1536,mid,0.778315,43.673244,35.562601,26.302796,0.985161,0.952165,0.722983,0.041587,0.173384,0.596818
case3,1536,1280,1792,1536,mid,1.052923,42.557255,35.384709,27.714493,0.978658,0.951606,0.828972,0.062610,0.110194,0.366814
case3,1792,1280,2048,1536,mid,1.330775,38.478140,37.209364,35.917626,0.963567,0.953085,0.936181,0.093354,0.111245,0.184292
case3,2048,1280,2304,1536,high,3.679021,34.993802,34.405263,30.827660,0.864937,0.852206,0.791231,0.353777,0.351370,0.301014
case3,2304,1280,2560,1536,high,4.977325,34.400167,33.849979,30.359347,0.808199,0.794790,0.707962,0.572037,0.542851,0.412247
case3,2560,1280,2816,1536,mid,1.113027,38.808426,36.810883,31.921408,0.977597,0.967299,0.924238,0.078571,0.074008,0.209022
case3,2816,1280,3072,1536,mid,0.785009,44.651202,39.515089,31.457407,0.985156,0.967034,0.856309,0.063900,0.118310,0.422210
case3,3072,1280,3328,1536,low,0.567881,46.901426,42.025310,35.415438,0.990364,0.976790,0.906758,0.034213,0.090988,0.342777
case3,3328,1280,3584,1536,low,0.494227,47.567147,44.045605,40.132042,0.991497,0.981465,0.936695,0.035182,0.073935,0.300464
case3,3584,1280,3840,1536,low,0.660436,45.970920,41.469854,36.433365,0.987732,0.973856,0.923848,0.058804,0.101478,0.289435
case3,3840,1280,4096,1536,mid,0.824331,44.313139,41.517582,35.863560,0.982542,0.968482,0.906184,0.107865,0.135666,0.318732
case3,0,1536,256,1792,mid,0.930064,43.728217,40.133226,31.648287,0.979198,0.962870,0.871331,0.109446,0.126476,0.326015
case3,256,1536,512,1792,mid,0.900543,43.268009,35.226213,26.589747,0.980310,0.949192,0.793549,0.074401,0.144144,0.443619
case3,512,1536,768,1792,mid,0.886541,43.442303,37.257601,29.038102,0.980817,0.955634,0.827720,0.080004,0.141842,0.457510
case3,768,1536,1024,1792,mid,0.929036,43.433569,39.621385,31.787303,0.980863,0.962662,0.867315,0.076437,0.111985,0.388654
case3,1024,1536,1280,1792,mid,0.842779,43.457730,37.772188,26.427830,0.982531,0.954284,0.772008,0.057397,0.137602,0.472063
case3,1280,1536,1536,1792,mid,0.813187,43.130818,38.045895,29.761668,0.983117,0.963931,0.856905,0.067196,0.162742,0.400052
case3,1536,1536,1792,1792,high,3.475479,31.700958,31.579447,27.775607,0.877630,0.869628,0.821457,0.245463,0.224638,0.270765
case3,1792,1536,2048,1792,high,5.228353,31.777353,31.523874,28.281640,0.792272,0.780580,0.697100,0.547305,0.520257,0.381053
case3,2048,1536,2304,1792,high,10.690715,28.632166,28.412686,26.197913,0.610683,0.598306,0.518942,0.719672,0.685420,0.510185
case3,2304,1536,2560,1792,high,10.343440,28.309317,27.896765,23.184822,0.650620,0.640568,0.550617,0.656993,0.527513,0.450482
case3,2560,1536,2816,1792,mid,1.266663,37.798995,35.971812,29.928102,0.972878,0.962733,0.905265,0.106124,0.084743,0.242812
case3,2816,1536,3072,1792,mid,0.870377,43.261597,37.269934,26.568896,0.980890,0.948237,0.689254,0.062466,0.154512,0.559103
case3,3072,1536,3328,1792,low,0.715322,44.940312,36.733032,26.320829,0.985750,0.953378,0.733654,0.040976,0.156659,0.519597
case3,3328,1536,3584,1792,mid,1.034831,42.122697,37.288451,27.575167,0.976933,0.949655,0.765933,0.068915,0.111403,0.495171
case3,3584,1536,3840,1792,low,0.708903,45.348121,41.971993,35.340593,0.986469,0.972400,0.897215,0.066280,0.099689,0.341067
case3,3840,1536,4096,1792,mid,0.850800,44.055265,40.577987,33.816478,0.981268,0.964096,0.875654,0.077738,0.115609,0.331522
case3,0,1792,256,2048,mid,1.070526,41.668354,36.383162,26.078291,0.971968,0.940060,0.680212,0.091167,0.127617,0.532342
case3,256,1792,512,2048,mid,0.894623,43.300022,36.566654,26.815519,0.979731,0.950898,0.759727,0.072463,0.127786,0.483413
case3,512,1792,768,2048,mid,0.871358,41.757122,39.584347,31.171556,0.978804,0.966102,0.894845,0.073884,0.103659,0.294298
case3,768,1792,1024,2048,high,1.579325,35.202028,34.017939,27.739020,0.948935,0.937970,0.874041,0.093980,0.098344,0.219464
case3,1024,1792,1280,2048,high,1.882024,33.994023,33.771719,29.701077,0.924415,0.917089,0.871829,0.158593,0.158564,0.227793
case3,1280,1792,1536,2048,high,4.375906,29.064377,29.605024,27.184028,0.831212,0.833196,0.800282,0.279955,0.256030,0.244601
case3,1536,1792,1792,2048,high,5.167186,30.220140,29.997171,25.128290,0.800685,0.795193,0.696334,0.456446,0.418448,0.389306
case3,1792,1792,2048,2048,high,7.994980,29.406365,29.130459,25.430406,0.691144,0.679038,0.562246,0.656061,0.598872,0.454041
case3,2048,1792,2304,2048,high,15.487110,25.487611,25.272415,24.159047,0.455830,0.442096,0.394223,0.714373,0.599088,0.341510
case3,2304,1792,2560,2048,high,10.279810,27.408153,27.144884,24.008067,0.659029,0.648051,0.594433,0.538627,0.472734,0.362155
case3,2560,1792,2816,2048,mid,0.847966,40.189942,39.475540,32.146860,0.983734,0.974394,0.917127,0.052772,0.095104,0.282864
case3,2816,1792,3072,2048,low,0.705383,43.507884,35.587780,25.053467,0.983770,0.948913,0.714257,0.061773,0.217161,0.566968
case3,3072,1792,3328,2048,mid,0.908249,42.494685,35.489688,25.143615,0.979161,0.944481,0.680496,0.066780,0.150941,0.554594
case3,3328,1792,3584,2048,mid,0.879130,42.729335,40.317057,32.894338,0.979473,0.963040,0.869314,0.056453,0.086618,0.373482
case3,3584,1792,3840,2048,low,0.535461,46.737972,43.653558,39.416127,0.990367,0.980560,0.929652,0.042068,0.080822,0.301478
case3,3840,1792,4096,2048,low,0.582794,46.675574,43.689674,40.608463,0.989208,0.979121,0.937646,0.060870,0.091759,0.271344
case3,0,2048,256,2304,mid,1.081741,40.735691,38.915566,31.695343,0.970332,0.953877,0.880521,0.093145,0.122377,0.282779
case3,256,2048,512,2304,mid,1.172201,39.537453,37.893649,31.725022,0.962892,0.947462,0.875369,0.099111,0.109923,0.216495
case3,512,2048,768,2304,mid,1.042547,39.938725,37.111981,30.495021,0.969927,0.952473,0.864118,0.080963,0.112280,0.300479
case3,768,2048,1024,2304,mid,1.148021,38.942297,35.404566,27.715405,0.963703,0.943831,0.841061,0.086428,0.147631,0.337136
case3,1024,2048,1280,2304,high,1.989044,33.674096,33.286524,27.086600,0.921261,0.908638,0.802415,0.168232,0.155254,0.310939
case3,1280,2048,1536,2304,high,2.131078,32.667029,32.521966,28.663000,0.933786,0.924111,0.853603,0.144761,0.139940,0.231775
case3,1536,2048,1792,2304,high,2.166748,34.298361,33.354862,27.586049,0.917611,0.905697,0.811997,0.271924,0.218972,0.270045
case3,1792,2048,2048,2304,high,4.580928,32.053923,31.548903,28.731977,0.807338,0.794951,0.731208,0.471976,0.419990,0.380389
case3,2048,2048,2304,2304,high,6.452631,29.921072,29.577549,28.443606,0.738170,0.726973,0.686008,0.566740,0.540057,0.433527
case3,2304,2048,2560,2304,high,2.074356,35.379514,34.401810,27.349148,0.930289,0.916637,0.828573,0.133123,0.155377,0.286485
case3,2560,2048,2816,2304,mid,1.260351,38.465777,34.645783,23.845671,0.952825,0.917283,0.630903,0.118941,0.167151,0.483552
case3,2816,2048,3072,2304,mid,1.094035,40.474746,34.141476,23.097740,0.970025,0.925095,0.589994,0.072538,0.182898,0.617385
case3,3072,2048,3328,2304,mid,1.000082,40.015145,35.831525,26.701337,0.970799,0.945038,0.767938,0.078934,0.136243,0.410370
case3,3328,2048,3584,2304,mid,1.056539,40.144291,38.380170,31.778710,0.970755,0.956847,0.896817,0.080728,0.105614,0.233470
case3,3584,2048,3840,2304,mid,0.869176,41.878704,37.887928,30.856533,0.975959,0.959725,0.884492,0.078118,0.104236,0.303838
case3,3840,2048,4096,2304,low,0.714371,44.535820,41.042757,33.342859,0.985059,0.970549,0.903466,0.071859,0.099736,0.303499
case3,0,2304,256,2560,high,2.916895,31.541506,31.265354,28.233689,0.825552,0.814057,0.746423,0.283435,0.247826,0.251114
case3,256,2304,512,2560,high,3.074387,30.460488,30.411998,28.224515,0.806184,0.799526,0.741910,0.301293,0.261351,0.274543
case3,512,2304,768,2560,high,2.664027,31.793969,31.334803,26.902393,0.830674,0.816071,0.686386,0.314042,0.281990,0.372501
case3,768,2304,1024,2560,high,1.871928,34.627097,32.302299,25.099449,0.907968,0.885342,0.708020,0.191629,0.206724,0.449591
case3,1024,2304,1280,2560,high,2.147095,33.588561,32.692659,27.487457,0.884664,0.868680,0.763385,0.235828,0.247022,0.388055
case3,1280,2304,1536,2560,high,1.866491,34.078982,33.474532,28.505396,0.910607,0.897775,0.810276,0.188657,0.205643,0.339010
case3,1536,2304,1792,2560,high,2.686798,31.754451,31.674832,24.419565,0.841445,0.833587,0.613000,0.280043,0.242791,0.439417
case3,1792,2304,2048,2560,high,3.110016,30.189166,29.795469,23.412140,0.841527,0.825474,0.647735,0.246814,0.203781,0.345063
case3,2048,2304,2304,2560,high,3.280884,30.117437,30.215319,25.965503,0.900429,0.895755,0.821298,0.181009,0.139359,0.183650
case3,2304,2304,2560,2560,high,1.619237,35.470744,34.229868,26.447466,0.928930,0.919006,0.798924,0.155304,0.160410,0.319431
case3,2560,2304,2816,2560,high,2.292476,31.893734,31.637608,24.220096,0.880500,0.871067,0.650602,0.228496,0.206342,0.476169
case3,2816,2304,3072,2560,high,1.724833,34.440132,32.967930,23.339775,0.926965,0.905268,0.661522,0.119425,0.150749,0.472412
case3,3072,2304,3328,2560,mid,1.121755,38.298171,36.382333,27.744963,0.957773,0.943233,0.839186,0.134975,0.163944,0.382391
case3,3328,2304,3584,2560,high,1.620804,35.617104,34.779317,27.411169,0.925368,0.911996,0.790921,0.175542,0.158333,0.294731
case3,3584,2304,3840,2560,high,1.524536,35.705585,34.434684,25.802175,0.928163,0.914229,0.738446,0.155929,0.157167,0.384490
case3,3840,2304,4096,2560,high,1.464661,36.804514,33.762178,24.594721,0.934110,0.909547,0.690326,0.145213,0.162910,0.455452
case3,0,2560,256,2816,high,3.573446,31.183984,30.873428,24.251162,0.802649,0.797952,0.664900,0.412254,0.326165,0.405538
case3,256,2560,512,2816,high,4.264404,29.585054,29.768798,25.821585,0.769518,0.770434,0.666151,0.387350,0.325329,0.332825
case3,512,2560,768,2816,high,2.975240,32.363423,32.275157,27.070544,0.837789,0.835962,0.731692,0.332349,0.271292,0.327372
case3,768,2560,1024,2816,high,3.441462,31.580553,31.034621,25.304342,0.822216,0.815764,0.693922,0.359127,0.291405,0.366149
case3,1024,2560,1280,2816,high,3.396281,30.978090,30.841596,25.544259,0.830105,0.826892,0.734390,0.324002,0.263807,0.330301
case3,1280,2560,1536,2816,high,3.664068,30.708733,30.771067,28.419221,0.831757,0.828435,0.782323,0.307637,0.260498,0.274752
case3,1536,2560,1792,2816,high,4.430257,29.553622,29.382058,23.996115,0.781058,0.773328,0.659994,0.350181,0.277060,0.313225
case3,1792,2560,2048,2816,high,5.012283,28.368553,27.923854,21.840079,0.781069,0.771088,0.625834,0.381231,0.300887,0.363719
case3,2048,2560,2304,2816,high,5.016673,28.053252,27.974068,23.325297,0.778236,0.774240,0.660586,0.393461,0.305030,0.323057
case3,2304,2560,2560,2816,high,4.785406,29.494931,29.312393,25.521519,0.756334,0.756171,0.673245,0.400946,0.335163,0.324174
case3,2560,2560,2816,2816,high,4.930308,29.056425,28.502309,23.647234,0.789971,0.782631,0.671841,0.404584,0.319805,0.373994
case3,2816,2560,3072,2816,high,2.278773,34.173675,32.481303,27.045283,0.893423,0.877137,0.793746,0.355727,0.305877,0.363180
case3,3072,2560,3328,2816,high,3.557790,30.216210,30.203603,27.828431,0.810899,0.806078,0.758947,0.406219,0.364235,0.327120
case3,3328,2560,3584,2816,high,4.022375,30.009072,29.633756,24.845679,0.769625,0.760962,0.649020,0.403973,0.342982,0.331590
case3,3584,2560,3840,2816,high,3.639359,30.436636,30.027371,23.879133,0.787031,0.776256,0.612356,0.407794,0.326946,0.378632
case3,3840,2560,4096,2816,high,2.446706,32.824491,32.074325,26.266568,0.867750,0.853388,0.718902,0.337184,0.281818,0.364911
case3,0,2816,256,3072,high,1.470464,36.909422,34.701031,25.586848,0.942602,0.914961,0.674838,0.174222,0.193313,0.529743
case3,256,2816,512,3072,high,1.393255,37.438471,36.373526,28.782384,0.934867,0.914325,0.718035,0.217852,0.201251,0.485468
case3,512,2816,768,3072,high,1.395091,36.842219,36.065510,29.289626,0.938218,0.925313,0.799787,0.172758,0.163844,0.358569
case3,768,2816,1024,3072,mid,1.339747,37.036460,34.938191,28.029822,0.944292,0.927150,0.791454,0.151706,0.182385,0.431578
case3,1024,2816,1280,3072,mid,1.225118,37.283260,36.261123,30.146069,0.949162,0.935528,0.845295,0.165817,0.165932,0.344818
case3,1280,2816,1536,3072,mid,0.746007,42.595453,41.089977,37.969835,0.982845,0.972446,0.944573,0.075189,0.113397,0.259345
case3,1536,2816,1792,3072,high,1.414485,35.825013,34.104013,25.939425,0.951355,0.937164,0.834377,0.113919,0.127703,0.356262
case3,1792,2816,2048,3072,high,1.715942,34.518552,33.021484,26.247452,0.924081,0.904392,0.818031,0.192438,0.213829,0.368239
case3,2048,2816,2304,3072,high,2.620804,30.850799,31.299998,27.130608,0.859516,0.858484,0.796748,0.294406,0.255199,0.333716
case3,2304,2816,2560,3072,mid,1.133377,39.052893,37.510791,33.267876,0.954684,0.939469,0.881870,0.142372,0.153958,0.303363
case3,2560,2816,2816,3072,high,1.677521,34.956577,34.716576,27.835983,0.906950,0.897728,0.784462,0.221751,0.192974,0.396208
case3,2816,2816,3072,3072,high,2.375758,32.200340,32.223020,28.328455,0.856807,0.855460,0.771130,0.271163,0.238016,0.354011
case3,3072,2816,3328,3072,high,2.183299,32.607609,32.327020,30.489775,0.883172,0.873527,0.838165,0.243206,0.237756,0.260778
case3,3328,2816,3584,3072,mid,1.113653,40.794486,39.647072,37.026333,0.961389,0.950063,0.916800,0.190428,0.210751,0.318923
case3,3584,2816,3840,3072,high,2.470881,32.403596,32.349647,28.240523,0.867416,0.857834,0.780557,0.318477,0.254917,0.290324
case3,3840,2816,4096,3072,high,3.307632,31.010613,30.766106,27.669714,0.812334,0.798400,0.718625,0.342309,0.311190,0.333750
case4,0,0,256,256,high,16.727732,16.845987,16.898101,16.728567,0.189322,0.190531,0.187205,0.809928,0.785699,0.660806
case4,256,0,512,256,high,14.092896,17.677182,17.699836,17.433842,0.273080,0.274124,0.264510,0.828004,0.793701,0.678758
case4,512,0,768,256,mid,11.251242,19.662983,19.713342,18.664520,0.339037,0.339473,0.311291,0.813555,0.739906,0.634765
case4,768,0,1024,256,mid,13.099614,18.438486,18.476379,16.803665,0.274774,0.274203,0.223164,0.824209,0.726902,0.594174
case4,1024,0,1280,256,high,15.932749,17.350842,17.379377,16.611009,0.189068,0.189252,0.173596,0.858255,0.776120,0.617064
case4,1280,0,1536,256,mid,12.657333,18.347084,18.415725,17.201919,0.272255,0.275241,0.224639,0.817323,0.773215,0.636162
case4,1536,0,1792,256,mid,11.704834,19.522811,19.540542,17.668520,0.301082,0.298071,0.215820,0.810093,0.762237,0.634315
case4,1792,0,2048,256,high,13.732834,17.920855,17.932855,16.601283,0.248273,0.246061,0.195873,0.832277,0.731219,0.550300
case4,2048,0,2304,256,mid,12.407629,18.269826,18.297653,16.974888,0.288726,0.287525,0.230129,0.810256,0.697525,0.483808
case4,2304,0,2560,256,high,14.968211,18.222525,18.250198,16.614502,0.218974,0.220301,0.168899,0.844448,0.743348,0.537249
case4,2560,0,2816,256,mid,12.734665,18.074280,18.080470,15.869797,0.274821,0.273783,0.199240,0.779769,0.674199,0.509901
case4,2816,0,3072,256,mid,11.100946,18.637130,18.686412,17.243500,0.307617,0.316457,0.297044,0.780217,0.699152,0.596353
case4,3072,0,3328,256,low,8.026932,19.290045,19.343714,18.056206,0.504132,0.514533,0.491305,0.702257,0.627254,0.571429
case4,3328,0,3584,256,high,24.395523,14.375295,14.398034,13.152888,0.124820,0.127240,0.093323,0.907878,0.806673,0.628633
case4,3584,0,3840,256,high,20.602091,14.690401,14.729105,13.693340,0.164815,0.166679,0.124229,0.892116,0.775785,0.610411
case4,3840,0,4096,256,high,22.962280,14.472391,14.500146,12.815950,0.145825,0.144841,0.086232,0.913580,0.788737,0.563235
case4,0,256,256,512,mid,12.841608,18.982806,19.032039,18.865834,0.280487,0.279811,0.265351,0.831808,0.783966,0.674962
case4,256,256,512,512,mid,11.462778,20.077264,20.125519,19.906680,0.338042,0.338634,0.327200,0.799672,0.771275,0.724692
case4,512,256,768,512,low,7.563289,22.309652,22.378306,21.807014,0.470363,0.471043,0.432470,0.749382,0.734591,0.658066
case4,768,256,1024,512,low,8.424520,20.734399,20.811690,20.068460,0.392442,0.392349,0.353968,0.776555,0.765343,0.652301
case4,1024,256,1280,512,low,10.070888,19.132897,19.192108,18.166860,0.367599,0.369860,0.348551,0.784885,0.722343,0.606223
case4,1280,256,1536,512,mid,10.704306,19.315591,19.397809,18.150386,0.342064,0.341713,0.272376,0.814917,0.788800,0.613518
case4,1536,256,1792,512,high,13.843822,17.918245,17.937823,15.943889,0.244480,0.241724,0.162930,0.863694,0.844827,0.677993
case4,1792,256,2048,512,high,13.886566,17.702607,17.731406,16.135282,0.250388,0.250130,0.196476,0.825610,0.787767,0.640291
case4,2048,256,2304,512,mid,11.948689,17.997386,18.033998,16.997741,0.276615,0.277336,0.230929,0.801731,0.753972,0.584569
case4,2304,256,2560,512,mid,11.334955,19.145833,19.118604,17.305067,0.307830,0.303759,0.234968,0.826678,0.740766,0.592773
case4,2560,256,2816,512,high,15.157150,16.704546,16.701199,14.993125,0.239756,0.237736,0.159862,0.816672,0.729921,0.569193
case4,2816,256,3072,512,high,18.177094,15.967366,16.005344,14.742678,0.192329,0.189121,0.139470,0.894392,0.825152,0.604303
case4,3072,256,3328,512,high,14.222814,16.879991,16.942709,15.189805,0.291885,0.301966,0.273139,0.775483,0.661283,0.592641
case4,3328,256,3584,512,high,17.735149,15.779587,15.796309,13.698791,0.224339,0.225455,0.158142,0.809130,0.672467,0.531198
case4,3584,256,3840,512,high,20.230774,14.754507,14.741629,13.165287,0.181058,0.182385,0.121354,0.803513,0.675598,0.547604
case4,3840,256,4096,512,high,20.816305,14.664606,14.659533,13.032856,0.176893,0.175822,0.110477,0.815973,0.694729,0.509285
case4,0,512,256,768,low,9.445932,20.824651,20.875537,20.561739,0.398177,0.398820,0.382179,0.773123,0.746944,0.714632
case4,256,512,512,768,low,7.350047,21.920924,21.935252,21.598416,0.456132,0.456548,0.440264,0.746921,0.733097,0.706870
case4,512,512,768,768,low,8.268637,20.717522,20.749087,20.434885,0.407241,0.405676,0.378407,0.760480,0.724818,0.620581
case4,768,512,1024,768,low,9.569448,19.984363,20.014309,19.336949,0.346210,0.348344,0.329227,0.798155,0.737499,0.590544
case4,1024,512,1280,768,mid,11.713486,17.973247,18.019836,17.377584,0.283880,0.286345,0.269662,0.809922,0.752137,0.568171
case4,1280,512,1536,768,mid,11.322235,18.427027,18.444087,16.891910,0.328773,0.330246,0.286581,0.786265,0.713293,0.525333
case4,1536,512,1792,768,mid,11.005371,20.283924,20.347635,18.254572,0.326665,0.326585,0.254074,0.820972,0.817557,0.648416
case4,1792,512,2048,768,low,10.547907,19.747747,19.790051,17.128803,0.343820,0.342013,0.249305,0.761288,0.737529,0.628365
case4,2048,512,2304,768,low,10.468674,19.490920,19.496316,17.160891,0.307186,0.306602,0.233543,0.809056,0.799913,0.620343
case4,2304,512,2560,768,low,9.055374,20.261410,20.294074,17.930886,0.386866,0.389387,0.336612,0.766376,0.654230,0.532592
case4,2560,512,2816,768,low,8.932013,20.683632,20.729858,19.314401,0.378581,0.382654,0.347284,0.788415,0.724984,0.543887
case4,2816,512,3072,768,high,14.686646,16.949134,16.956068,15.430123,0.235473,0.234487,0.182824,0.861499,0.721868,0.546547
case4,3072,512,3328,768,high,19.649267,15.701987,15.738121,13.859185,0.196451,0.196890,0.134130,0.831071,0.728866,0.540239
case4,3328,512,3584,768,high,22.998394,15.276695,15.293955,13.039008,0.136383,0.137509,0.095160,0.876848,0.756442,0.552764
case4,3584,512,3840,768,high,19.629089,15.798376,15.812737,14.267163,0.189784,0.187621,0.125034,0.833232,0.704974,0.506581
case4,3840,512,4096,768,high,19.514202,16.014269,16.035167,14.827506,0.175574,0.172763,0.124956,0.873778,0.751949,0.477567
case4,0,768,256,1024,mid,11.847412,19.471135,19.529950,19.123331,0.278322,0.279390,0.263620,0.845641,0.819041,0.671902
case4,256,768,512,1024,low,10.588094,19.451501,19.521020,19.030407,0.316465,0.319352,0.302961,0.788230,0.768214,0.683232
case4,512,768,768,1024,low,10.268356,19.713794,19.752505,19.078497,0.329746,0.333605,0.318165,0.783402,0.724629,0.642673
case4,768,768,1024,1024,mid,12.283377,18.420671,18.416256,16.961092,0.312098,0.307718,0.256581,0.823570,0.748309,0.584133
case4,1024,768,1280,1024,low,9.532053,19.869746,19.934961,19.395488,0.437383,0.437509,0.406178,0.785174,0.745064,0.629088
case4,1280,768,1536,1024,low,8.327185,21.010641,21.072084,20.335411,0.412856,0.418711,0.387294,0.751223,0.702027,0.563223
case4,1536,768,1792,1024,low,7.804830,21.506526,21.579881,20.734680,0.437174,0.443048,0.409156,0.762583,0.715414,0.596124
case4,1792,768,2048,1024,low,9.536769,19.865470,19.909700,16.870160,0.357489,0.355326,0.269062,0.764062,0.710847,0.595471
case4,2048,768,2304,1024,low,8.471197,20.341172,20.385346,17.131206,0.403796,0.402056,0.314720,0.756985,0.668669,0.523271
case4,2304,768,2560,1024,low,9.829244,19.344917,19.376933,17.991816,0.338041,0.338361,0.285754,0.762547,0.680166,0.499777
case4,2560,768,2816,1024,mid,12.646845,16.926850,16.904846,16.159727,0.280776,0.281000,0.254457,0.807433,0.714896,0.540734
case4,2816,768,3072,1024,high,14.378210,16.905445,16.938121,15.802714,0.282514,0.282924,0.230849,0.766088,0.670156,0.523035
case4,3072,768,3328,1024,high,15.000310,17.313852,17.387743,16.189803,0.263657,0.267356,0.209626,0.797852,0.727457,0.567648
case4,3328,768,3584,1024,high,14.933777,17.395629,17.369456,14.665491,0.247082,0.242118,0.148193,0.791562,0.681726,0.553168
case4,3584,768,3840,1024,high,17.242554,15.701491,15.772122,14.289491,0.198316,0.201076,0.150086,0.783118,0.680285,0.532665
case4,3840,768,4096,1024,high,18.455151,15.733017,15.738543,14.843890,0.167243,0.166102,0.123779,0.802423,0.709233,0.503820
case4,0,1024,256,1280,mid,12.185872,19.230305,19.257706,17.075795,0.265514,0.262015,0.198889,0.798931,0.732633,0.557598
case4,256,1024,512,1280,low,9.482778,20.077432,20.161997,18.049274,0.352758,0.354576,0.311355,0.799909,0.690857,0.553828
case4,512,1024,768,1280,low,8.515360,19.218618,19.214147,17.534872,0.393624,0.395398,0.359808,0.724838,0.619140,0.560374
case4,768,1024,1024,1280,low,9.522156,18.333775,18.362596,16.456298,0.393543,0.398843,0.351007,0.756906,0.658086,0.526372
case4,1024,1024,1280,1280,mid,13.061864,16.301448,16.305932,14.469629,0.302787,0.316014,0.271654,0.789823,0.659555,0.524124
case4,1280,1024,1536,1280,low,10.036642,18.449729,18.410608,16.838824,0.342129,0.353331,0.331299,0.764829,0.657169,0.543790
case4,1536,1024,1792,1280,low,7.456421,20.459851,20.568651,18.838366,0.419385,0.425990,0.382106,0.751804,0.645078,0.521190
case4,1792,1024,2048,1280,low,9.186412,19.266217,19.315950,16.637447,0.366449,0.366782,0.279200,0.771300,0.671925,0.525798
case4,2048,1024,2304,1280,low,8.684641,19.509342,19.578989,16.411586,0.370421,0.367032,0.275521,0.756202,0.646918,0.518343
case4,2304,1024,2560,1280,low,8.674429,19.510443,19.516822,17.031960,0.393140,0.390676,0.323938,0.758816,0.632387,0.473406
case4,2560,1024,2816,1280,high,13.332642,16.483723,16.512615,15.394850,0.242046,0.245863,0.205596,0.807127,0.699087,0.525002
case4,2816,1024,3072,1280,mid,13.279821,17.363308,17.385224,15.766494,0.272106,0.267149,0.192691,0.809441,0.729651,0.567107
case4,3072,1024,3328,1280,high,13.480280,16.975319,16.946092,14.969680,0.251887,0.247207,0.193338,0.809073,0.749592,0.655979
case4,3328,1024,3584,1280,mid,12.103601,17.914455,17.944650,16.743470,0.274887,0.273512,0.232794,0.803400,0.709053,0.451352
case4,3584,1024,3840,1280,mid,13.138855,17.971880,17.973330,16.676190,0.277876,0.278688,0.225763,0.769412,0.676439,0.444044
case4,3840,1024,4096,1280,high,16.340982,16.869082,16.855193,15.262759,0.209523,0.206128,0.139189,0.849777,0.732456,0.511029
case4,0,1280,256,1536,mid,12.201152,18.680823,18.711903,15.485043,0.275230,0.275766,0.201394,0.835381,0.719877,0.550505
case4,256,1280,512,1536,high,13.659180,17.393995,17.400036,14.453894,0.233528,0.228187,0.146814,0.817567,0.708350,0.556030
case4,512,1280,768,1536,mid,11.446777,18.899121,18.910496,15.461118,0.305778,0.303577,0.222158,0.789494,0.688672,0.557887
case4,768,1280,1024,1536,high,14.107224,16.438468,16.404016,13.427041,0.269849,0.268776,0.179541,0.782989,0.672431,0.550223
case4,1024,1280,1280,1536,high,13.603231,17.054068,17.098017,14.812546,0.265214,0.270481,0.214340,0.821174,0.737942,0.608250
case4,1280,1280,1536,1536,mid,11.600082,18.451605,18.431277,16.220687,0.307325,0.305121,0.227056,0.834004,0.755404,0.615830
case4,1536,1280,1792,1536,low,8.668422,20.206143,20.245770,17.300633,0.389060,0.390936,0.295585,0.770061,0.660069,0.536670
case4,1792,1280,2048,1536,low,8.563309,20.598126,20.639259,18.287379,0.380772,0.377960,0.299751,0.756901,0.679356,0.504158
case4,2048,1280,2304,1536,low,8.768488,20.734858,20.807106,18.999621,0.422912,0.422602,0.336759,0.745758,0.683580,0.511785
case4,2304,1280,2560,1536,low,10.173849,20.324907,20.347625,19.379023,0.402791,0.400238,0.354148,0.799793,0.740350,0.562403
case4,2560,1280,2816,1536,low,9.926001,19.785891,19.844306,18.841635,0.391711,0.393984,0.353299,0.810407,0.727109,0.596324
case4,2816,1280,3072,1536,mid,11.075907,19.250399,19.299715,18.736264,0.341757,0.344452,0.330869,0.818960,0.760988,0.687032
case4,3072,1280,3328,1536,low,10.194687,19.078716,19.132794,18.431722,0.388891,0.392696,0.375211,0.762921,0.700885,0.598259
case4,3328,1280,3584,1536,mid,12.425608,18.319399,18.424186,17.037107,0.297237,0.300414,0.244988,0.797055,0.697572,0.522639
case4,3584,1280,3840,1536,high,13.816504,17.647406,17.675089,15.660756,0.274583,0.275090,0.194760,0.784073,0.675097,0.517897
case4,3840,1280,4096,1536,high,15.348001,17.209274,17.237948,14.692826,0.255470,0.254493,0.115931,0.833017,0.746578,0.584234
case4,0,1536,256,1792,mid,12.386648,18.641243,18.632148,16.031736,0.282049,0.285991,0.244268,0.779513,0.666419,0.528780
case4,256,1536,512,1792,high,14.987497,17.718255,17.757036,15.532624,0.220214,0.220895,0.156314,0.855143,0.758466,0.564307
case4,512,1536,768,1792,high,17.779837,16.179482,16.196531,13.804794,0.182332,0.181655,0.096574,0.902210,0.781348,0.578695
case4,768,1536,1024,1792,mid,12.899617,18.082496,18.092778,14.934047,0.283857,0.279139,0.174995,0.809101,0.738683,0.567122
case4,1024,1536,1280,1792,mid,12.604472,18.611853,18.615416,15.948553,0.304824,0.297259,0.193430,0.805449,0.708976,0.554085
case4,1280,1536,1536,1792,mid,11.444611,18.200571,18.169869,16.028626,0.354637,0.355565,0.298156,0.776969,0.675845,0.601240
case4,1536,1536,1792,1792,low,9.869461,21.277470,21.334407,19.411676,0.410260,0.408704,0.330861,0.806294,0.755645,0.500116
case4,1792,1536,2048,1792,mid,10.894612,19.638448,19.691501,17.938609,0.359484,0.358546,0.287099,0.804461,0.725097,0.484958
case4,2048,1536,2304,1792,low,10.471873,19.521566,19.490985,17.938930,0.355274,0.351327,0.302592,0.805357,0.703192,0.566960
case4,2304,1536,2560,1792,low,9.538411,20.710671,20.743915,20.070389,0.416894,0.417413,0.397139,0.787860,0.735458,0.658311
case4,2560,1536,2816,1792,low,9.870813,18.417834,18.470467,17.696543,0.424588,0.431523,0.420869,0.741831,0.676528,0.638670
case4,2816,1536,3072,1792,mid,11.455861,18.376202,18.467378,18.081064,0.341703,0.350411,0.351531,0.770355,0.720208,0.655519
case4,3072,1536,3328,1792,low,10.014786,19.513936,19.545867,19.348188,0.395722,0.396992,0.394220,0.776558,0.753651,0.744707
case4,3328,1536,3584,1792,low,10.386475,19.099439,19.154268,18.077897,0.331370,0.333996,0.282933,0.770681,0.699668,0.627991
case4,3584,1536,3840,1792,mid,12.599829,17.772848,17.817973,16.219040,0.276343,0.276336,0.223118,0.796837,0.693850,0.587237
case4,3840,1536,4096,1792,high,14.672562,17.926821,17.957209,15.476359,0.289047,0.284771,0.138272,0.800771,0.713766,0.549297
case4,0,1792,256,2048,low,10.296274,18.195483,18.248213,15.284298,0.337791,0.342414,0.279468,0.774339,0.631127,0.584394
case4,256,1792,512,2048,mid,11.154510,16.793278,16.740152,14.171455,0.322137,0.333008,0.285072,0.734230,0.603334,0.558324
case4,512,1792,768,2048,mid,13.225942,15.840971,15.833254,14.063268,0.259756,0.267348,0.218687,0.815549,0.663410,0.524023
case4,768,1792,1024,2048,low,9.983541,18.477788,18.506058,16.981773,0.346278,0.351194,0.293222,0.765941,0.635014,0.469020
case4,1024,1792,1280,2048,low,6.293915,21.921914,22.038260,20.154823,0.499132,0.503969,0.422557,0.730642,0.623990,0.518803
case4,1280,1792,1536,2048,low,10.330048,18.451585,18.496917,16.667025,0.397459,0.401679,0.346406,0.777014,0.666327,0.540946
case4,1536,1792,1792,2048,mid,11.515564,17.425929,17.479301,15.960896,0.321083,0.324659,0.278107,0.797766,0.652882,0.490676
case4,1792,1792,2048,2048,mid,12.050497,18.100340,18.106260,15.861841,0.327882,0.329560,0.261808,0.824136,0.698388,0.490290
case4,2048,1792,2304,2048,mid,13.054129,18.025316,18.075498,16.189021,0.293416,0.295578,0.240139,0.779554,0.688054,0.534348
case4,2304,1792,2560,2048,high,14.247284,17.022991,17.019490,15.570149,0.257100,0.259332,0.214189,0.789315,0.707993,0.570152
case4,2560,1792,2816,2048,high,16.131863,16.033532,16.070491,14.759171,0.202244,0.205667,0.185470,0.827794,0.782586,0.734234
case4,2816,1792,3072,2048,high,14.219376,16.811387,16.861705,16.587766,0.277188,0.282785,0.275777,0.779268,0.740610,0.692383
case4,3072,1792,3328,2048,mid,13.222937,17.619678,17.699295,17.389520,0.293739,0.297397,0.292912,0.801720,0.769040,0.705629
case4,3328,1792,3584,2048,mid,10.755463,18.933433,19.005921,18.769658,0.348878,0.353212,0.343707,0.760497,0.701749,0.622260
case4,3584,1792,3840,2048,high,15.319423,17.342369,17.399929,16.894725,0.241906,0.243806,0.209524,0.828293,0.751275,0.589430
case4,3840,1792,4096,2048,high,14.621332,17.522479,17.527968,16.268071,0.261301,0.261178,0.182112,0.834890,0.704062,0.472390
case4,0,2048,256,2304,mid,11.435242,17.139940,17.094030,15.049026,0.317957,0.327651,0.291965,0.827164,0.668941,0.641680
case4,256,2048,512,2304,low,9.980423,19.732179,19.797388,18.240265,0.339815,0.338017,0.274504,0.790058,0.716962,0.576452
case4,512,2048,768,2304,mid,11.763906,16.931454,16.944805,15.527336,0.291349,0.289787,0.227032,0.753879,0.662811,0.546553
case4,768,2048,1024,2304,low,8.134628,18.921403,18.921608,17.346414,0.440767,0.443369,0.389519,0.678769,0.559120,0.454113
case4,1024,2048,1280,2304,mid,10.784119,19.020960,19.089643,18.010786,0.346439,0.350706,0.305847,0.795776,0.727355,0.566404
case4,1280,2048,1536,2304,high,13.577271,16.596371,16.656489,15.196706,0.278198,0.285991,0.246676,0.814513,0.679410,0.490943
case4,1536,2048,1792,2304,high,14.792629,16.724469,16.794987,15.120018,0.224165,0.225739,0.175738,0.824664,0.740562,0.517095
case4,1792,2048,2048,2304,high,14.679189,16.884923,16.951327,15.071524,0.217393,0.218267,0.172112,0.851002,0.736699,0.556269
case4,2048,2048,2304,2304,mid,12.260620,17.522381,17.477687,14.625812,0.290439,0.289244,0.212098,0.756933,0.643725,0.529678
case4,2304,2048,2560,2304,high,13.970413,16.992502,17.000905,14.712414,0.263078,0.261682,0.175982,0.779532,0.661910,0.544328
case4,2560,2048,2816,2304,high,16.090832,16.304576,16.314941,15.165686,0.209340,0.208770,0.187488,0.814992,0.752976,0.617637
case4,2816,2048,3072,2304,high,15.247513,15.908896,15.895730,15.115066,0.243735,0.245435,0.220260,0.747995,0.676817,0.572893
case4,3072,2048,3328,2304,mid,11.689932,18.245400,18.273919,17.371311,0.313801,0.313372,0.267317,0.741684,0.672655,0.533751
case4,3328,2048,3584,2304,high,14.370463,17.339364,17.399214,16.859309,0.234336,0.235410,0.207283,0.842414,0.784391,0.698051
case4,3584,2048,3840,2304,high,15.430313,16.736875,16.807915,16.331304,0.258724,0.264077,0.240954,0.819881,0.740916,0.626723
case4,3840,2048,4096,2304,high,15.548532,16.686226,16.711732,15.448137,0.223261,0.223251,0.166349,0.769512,0.665400,0.532476
case4,0,2304,256,2560,mid,13.064647,16.024048,16.118459,14.215985,0.296571,0.313384,0.269009,0.748483,0.623208,0.564963
case4,256,2304,512,2560,high,13.750647,16.840937,16.868649,15.148705,0.252882,0.262631,0.226754,0.801128,0.663963,0.573808
case4,512,2304,768,2560,high,14.602830,17.076205,17.090530,15.459584,0.232597,0.231513,0.186694,0.826823,0.742594,0.593921
case4,768,2304,1024,2560,mid,12.314509,18.470638,18.482984,16.590203,0.317557,0.319365,0.278622,0.786830,0.698071,0.566774
case4,1024,2304,1280,2560,mid,13.222876,17.486531,17.534429,15.109398,0.238618,0.243377,0.194768,0.804857,0.723574,0.576950
case4,1280,2304,1536,2560,high,14.217316,17.034210,17.097356,14.515505,0.246909,0.249178,0.176430,0.838231,0.732962,0.548307
case4,1536,2304,1792,2560,high,13.392023,16.937500,17.005520,15.097905,0.236563,0.243381,0.200707,0.815117,0.698074,0.508606
case4,1792,2304,2048,2560,high,16.846939,15.697541,15.709968,13.436769,0.156522,0.155079,0.099544,0.884700,0.795328,0.590155
case4,2048,2304,2304,2560,high,14.990570,16.548194,16.551602,14.270582,0.191085,0.188440,0.132033,0.888173,0.780231,0.603218
case4,2304,2304,2560,2560,high,16.552837,16.392305,16.374782,14.052022,0.216997,0.211995,0.120063,0.823988,0.717914,0.550736
case4,2560,2304,2816,2560,high,16.640955,15.902261,15.957931,14.325858,0.202922,0.206596,0.175229,0.775742,0.670926,0.520854
case4,2816,2304,3072,2560,high,15.640808,17.019496,17.057276,16.442117,0.235215,0.237155,0.218129,0.832076,0.772509,0.594490
case4,3072,2304,3328,2560,low,9.514684,20.718392,20.751222,19.984811,0.402524,0.400784,0.362397,0.788286,0.741164,0.591389
case4,3328,2304,3584,2560,mid,11.684011,18.917233,18.955781,18.046702,0.319057,0.318928,0.278536,0.824352,0.755123,0.565393
case4,3584,2304,3840,2560,mid,11.037552,18.903853,18.979031,17.947430,0.314477,0.315394,0.273904,0.805717,0.740061,0.629093
case4,3840,2304,4096,2560,mid,11.424901,18.117712,18.154763,16.498300,0.306265,0.307300,0.231251,0.756434,0.646775,0.456086
case4,0,2560,256,2816,low,9.198079,19.773865,19.824435,17.184101,0.401133,0.398419,0.307475,0.745946,0.695267,0.580830
case4,256,2560,512,2816,mid,11.607199,19.864467,19.912264,17.867688,0.328987,0.328643,0.277062,0.805938,0.759536,0.577975
case4,512,2560,768,2816,mid,10.728659,20.452140,20.473516,18.634700,0.383017,0.382669,0.336566,0.852712,0.773651,0.592314
case4,768,2560,1024,2816,low,9.044449,21.018046,21.129548,18.408597,0.404447,0.405929,0.352499,0.807722,0.743288,0.537271
case4,1024,2560,1280,2816,mid,10.805176,19.099908,19.162149,16.284181,0.352671,0.356049,0.300211,0.795836,0.711525,0.578028
case4,1280,2560,1536,2816,mid,11.726923,16.761022,16.823579,14.020459,0.354751,0.372326,0.332959,0.749982,0.603635,0.543131
case4,1536,2560,1792,2816,low,9.120031,19.340729,19.275293,16.462963,0.398101,0.405872,0.372303,0.784255,0.661232,0.515192
case4,1792,2560,2048,2816,low,9.763306,19.654453,19.729690,18.098943,0.364225,0.370113,0.339195,0.799251,0.710516,0.527523
case4,2048,2560,2304,2816,high,13.674368,17.640820,17.656022,15.617322,0.249040,0.250160,0.207402,0.855737,0.738071,0.541071
case4,2304,2560,2560,2816,low,10.669281,18.873889,18.872867,15.723289,0.313250,0.310307,0.231202,0.780317,0.664461,0.522428
case4,2560,2560,2816,2816,high,15.016281,17.813722,17.773430,15.032929,0.258152,0.251800,0.149081,0.816543,0.718796,0.557749
case4,2816,2560,3072,2816,high,15.651209,17.143367,17.168069,15.641052,0.231637,0.230339,0.193162,0.809725,0.716628,0.589552
case4,3072,2560,3328,2816,low,8.941142,20.514539,20.497517,18.748791,0.449979,0.446760,0.356145,0.772473,0.660942,0.537366
case4,3328,2560,3584,2816,low,9.799936,20.084941,20.131515,17.796646,0.375336,0.372348,0.295901,0.818920,0.699402,0.542262
case4,3584,2560,3840,2816,low,9.330048,20.133214,20.159874,18.523166,0.407597,0.405525,0.356699,0.793456,0.725350,0.595209
case4,3840,2560,4096,2816,low,10.043721,18.983068,19.080294,17.559404,0.370498,0.368287,0.298094,0.764114,0.667036,0.543857
case4,0,2816,256,3072,mid,11.911693,18.666202,18.623203,14.858309,0.287516,0.281847,0.182288,0.814896,0.755133,0.686132
case4,256,2816,512,3072,low,10.468552,20.416516,20.448476,18.112966,0.353312,0.350354,0.285022,0.820764,0.743900,0.588239
case4,512,2816,768,3072,low,8.673990,21.943205,21.984481,20.854596,0.463118,0.460763,0.400231,0.773636,0.722080,0.515002
case4,768,2816,1024,3072,low,8.265951,22.035285,22.039635,20.481043,0.406182,0.403120,0.354242,0.780669,0.720704,0.537511
case4,1024,2816,1280,3072,low,5.802327,23.727239,23.732643,21.171635,0.559167,0.556969,0.498752,0.738822,0.695797,0.538120
case4,1280,2816,1536,3072,low,9.058380,19.696837,19.699102,15.949011,0.402358,0.402652,0.333638,0.775456,0.643215,0.549421
case4,1536,2816,1792,3072,low,8.921570,20.256193,20.329498,18.354027,0.407275,0.413059,0.361422,0.762528,0.677542,0.514254
case4,1792,2816,2048,3072,low,9.657002,19.606774,19.674381,18.412220,0.358226,0.364805,0.330951,0.798913,0.692576,0.516208
case4,2048,2816,2304,3072,mid,12.175058,19.833544,19.906560,18.067858,0.314819,0.316783,0.261002,0.830492,0.778238,0.599445
case4,2304,2816,2560,3072,high,13.628063,18.678730,18.665965,15.814316,0.279566,0.273297,0.159848,0.801521,0.749453,0.547772
case4,2560,2816,2816,3072,mid,12.172318,18.703136,18.688068,16.064405,0.301139,0.297078,0.173174,0.800029,0.691837,0.510975
case4,2816,2816,3072,3072,mid,12.912313,18.506532,18.505235,17.113999,0.302950,0.299571,0.239629,0.812207,0.719664,0.541324
case4,3072,2816,3328,3072,mid,11.035818,18.977834,18.976392,17.316265,0.348613,0.349316,0.302267,0.813786,0.691994,0.571964
case4,3328,2816,3584,3072,mid,10.742029,19.339480,19.405977,16.471801,0.347502,0.349233,0.271129,0.803791,0.661276,0.536449
case4,3584,2816,3840,3072,low,9.615413,20.094712,20.174474,18.033879,0.390115,0.388671,0.301252,0.793157,0.725365,0.631394
case4,3840,2816,4096,3072,mid,10.944937,18.447413,18.497839,18.018694,0.369279,0.375106,0.355212,0.792564,0.700947,0.548201
case5,0,0,256,256,low,2.105988,30.339241,29.678326,22.745150,0.898909,0.863516,0.490903,0.221112,0.327552,0.634612
case5,256,0,512,256,mid,3.013880,27.220963,27.849501,22.389238,0.841939,0.821429,0.598339,0.269459,0.268377,0.462842
case5,512,0,768,256,mid,2.613419,26.160525,27.794301,24.323439,0.894739,0.905336,0.779121,0.139300,0.202511,0.480227
case5,768,0,1024,256,low,1.393626,29.432052,30.580927,26.167665,0.925970,0.937154,0.856548,0.104502,0.158991,0.438827
case5,1024,0,1280,256,low,2.126124,29.226650,31.106789,24.682813,0.880023,0.894799,0.709200,0.201532,0.227095,0.473652
case5,1280,0,1536,256,low,1.078105,33.424509,34.637220,27.737566,0.941232,0.938675,0.738447,0.124549,0.178448,0.491581
case5,1536,0,1792,256,low,0.325684,43.641834,42.722538,39.240529,0.989539,0.982883,0.914344,0.039004,0.056786,0.322982
case5,1792,0,2048,256,low,2.116053,28.990085,29.571916,25.105322,0.911692,0.922508,0.867918,0.237332,0.159514,0.289482
case5,2048,0,2304,256,high,4.473277,25.108107,25.391758,21.338309,0.775723,0.787270,0.661187,0.474159,0.316786,0.510460
case5,2304,0,2560,256,high,3.887227,24.948650,25.375902,20.862650,0.756632,0.780968,0.671838,0.367372,0.305234,0.463131
case5,2560,0,2816,256,high,3.744512,25.537867,26.176357,21.366918,0.816517,0.838836,0.738027,0.494468,0.308101,0.418086
case5,2816,0,3072,256,low,0.645335,33.805092,34.996588,30.840816,0.975468,0.974170,0.890816,0.063708,0.056166,0.360643
case5,3072,0,3328,256,low,1.947606,30.138383,28.713792,23.674497,0.919861,0.913103,0.755490,0.165666,0.220186,0.494501
case5,3328,0,3584,256,high,4.254980,25.046635,26.913010,23.839716,0.815099,0.848451,0.717346,0.315655,0.212128,0.392507
case5,3584,0,3840,256,mid,2.879156,25.595432,26.552172,22.642817,0.856106,0.871801,0.705069,0.267268,0.286379,0.569050
case5,3840,0,4096,256,high,4.684764,22.543127,23.685981,20.725218,0.801059,0.839349,0.700258,0.276708,0.280920,0.530856
case5,0,256,256,512,mid,2.558167,29.078607,29.837277,23.598629,0.879407,0.870252,0.583684,0.248516,0.275556,0.562063
case5,256,256,512,512,mid,3.326884,26.029820,26.407365,21.457592,0.835591,0.819175,0.612836,0.268270,0.268699,0.432617
case5,512,256,768,512,mid,2.681875,26.580730,28.537072,25.281226,0.892769,0.925245,0.809285,0.149473,0.194312,0.514833
case5,768,256,1024,512,low,2.339905,26.230364,27.924408,24.767126,0.905901,0.924768,0.831009,0.153710,0.172303,0.465103
case5,1024,256,1280,512,low,2.066371,29.574250,31.160836,26.138516,0.882656,0.898454,0.772525,0.194894,0.225881,0.435754
case5,1280,256,1536,512,low,1.321421,33.282637,33.750406,27.883644,0.935855,0.940102,0.804230,0.132350,0.165836,0.413400
case5,1536,256,1792,512,low,1.698339,28.658523,29.444867,25.271786,0.937116,0.939603,0.869200,0.166954,0.117865,0.352927
case5,1792,256,2048,512,high,6.372604,22.107489,22.970352,19.744393,0.694589,0.732631,0.591010,0.678251,0.383397,0.532651
case5,2048,256,2304,512,high,3.463740,24.290216,25.842112,21.913382,0.831990,0.876661,0.812286,0.318018,0.192124,0.334198
case5,2304,256,2560,512,mid,3.193680,25.487819,27.010894,22.548805,0.847066,0.865035,0.797820,0.144381,0.153593,0.260653
case5,2560,256,2816,512,high,3.431946,24.753399,26.231283,22.157407,0.823708,0.851662,0.781009,0.441489,0.232873,0.325924
case5,2816,256,3072,512,high,4.479746,23.102626,24.528632,21.783638,0.789196,0.832440,0.748823,0.554082,0.261781,0.394433
case5,3072,256,3328,512,low,1.671199,31.559345,32.194247,26.295154,0.939333,0.936089,0.801208,0.131581,0.154484,0.464458
case5,3328,256,3584,512,high,3.871068,24.441616,26.739466,24.594176,0.807279,0.838274,0.717738,0.276531,0.241971,0.416319
case5,3584,256,3840,512,low,0.909129,32.049050,31.964538,29.300690,0.959556,0.944582,0.821358,0.079661,0.212969,0.502619
case5,3840,256,4096,512,mid,3.305725,26.124135,27.783652,24.178344,0.872630,0.904699,0.795561,0.181148,0.200038,0.475305
case5,0,512,256,768,mid,2.464900,29.167296,28.921535,23.893903,0.877778,0.883246,0.692170,0.212090,0.213919,0.442424
case5,256,512,512,768,high,4.449575,23.950228,25.456998,21.247644,0.785179,0.806938,0.665313,0.331578,0.265424,0.452025
case5,512,512,768,768,high,4.135757,22.977260,24.738444,22.100783,0.811613,0.868034,0.754835,0.281473,0.270670,0.529833
case5,768,512,1024,768,mid,2.590464,25.307979,26.427373,23.432456,0.884451,0.894012,0.770310,0.194044,0.248518,0.519435
case5,1024,512,1280,768,mid,2.468048,28.544322,29.394932,26.051888,0.876627,0.902728,0.815313,0.211858,0.223653,0.411392
case5,1280,512,1536,768,low,1.516230,31.001697,32.169603,29.902484,0.904076,0.914823,0.835270,0.131508,0.154142,0.365820
case5,1536,512,1792,768,high,4.763824,23.507915,24.655359,21.797411,0.788501,0.811474,0.726972,0.448017,0.245076,0.439710
case5,1792,512,2048,768,mid,3.371689,24.068064,24.643169,23.102937,0.823306,0.851482,0.803037,0.354704,0.198520,0.348201
case5,2048,512,2304,768,high,4.125488,23.010813,24.157261,21.471625,0.761520,0.808652,0.750326,0.517127,0.325385,0.466934
case5,2304,512,2560,768,mid,2.824621,24.621163,26.130204,22.300712,0.831285,0.863249,0.794536,0.351350,0.293044,0.378579
case5,2560,512,2816,768,low,1.501485,28.376012,30.271521,27.312563,0.931266,0.948755,0.924833,0.134214,0.080955,0.134410
case5,2816,512,3072,768,high,6.097478,21.910598,23.453213,21.135790,0.701772,0.775985,0.718574,0.640474,0.290108,0.388691
case5,3072,512,3328,768,mid,2.423818,27.174124,29.440775,24.934243,0.889068,0.913863,0.809895,0.244761,0.214194,0.460726
case5,3328,512,3584,768,high,3.895564,24.363237,25.635501,23.878141,0.813032,0.813053,0.700221,0.244389,0.226577,0.375660
case5,3584,512,3840,768,low,1.017319,31.785991,32.911712,30.481083,0.945705,0.946792,0.867102,0.104604,0.164583,0.412953
case5,3840,512,4096,768,high,3.488312,24.985929,26.726418,23.835238,0.879251,0.907628,0.823486,0.192114,0.223256,0.415345
case5,0,768,256,1024,mid,2.633718,28.116699,29.694203,24.307772,0.853299,0.894264,0.749773,0.240209,0.226202,0.453644
case5,256,768,512,1024,high,3.529140,25.993929,27.299999,23.743960,0.826608,0.841509,0.721830,0.280618,0.255845,0.437639
case5,512,768,768,1024,high,3.762532,23.794940,25.316701,23.175575,0.821845,0.862830,0.733749,0.272645,0.256968,0.516747
case5,768,768,1024,1024,mid,3.217936,27.012123,25.757579,20.815766,0.843067,0.816211,0.596515,0.301079,0.376274,0.612354
case5,1024,768,1280,1024,mid,2.630112,27.818326,27.294639,23.653874,0.875090,0.896217,0.816021,0.203426,0.252733,0.458134
case5,1280,768,1536,1024,low,2.130157,28.449385,30.441608,27.357218,0.886894,0.913738,0.847824,0.186541,0.153392,0.351585
case5,1536,768,1792,1024,high,6.473679,21.671759,21.919049,19.140469,0.730623,0.766371,0.670676,0.565652,0.309292,0.441209
case5,1792,768,2048,1024,high,4.234914,22.885935,23.307457,21.122970,0.766447,0.802405,0.737226,0.515427,0.286746,0.420329
case5,2048,768,2304,1024,mid,2.597911,25.585574,26.751418,23.946945,0.833579,0.877173,0.794342,0.380358,0.175733,0.362562
case5,2304,768,2560,1024,low,0.239919,35.081245,35.846986,34.891471,0.969615,0.967486,0.923168,0.045547,0.080643,0.315649
case5,2560,768,2816,1024,high,3.445989,24.380312,25.492785,23.308227,0.822120,0.847313,0.789039,0.473879,0.248551,0.354089
case5,2816,768,3072,1024,mid,2.626943,26.284124,26.594295,23.563680,0.883249,0.898049,0.848583,0.202271,0.123496,0.224754
case5,3072,768,3328,1024,high,4.420176,24.036420,26.028011,22.717070,0.823857,0.867166,0.743257,0.260148,0.211737,0.446276
case5,3328,768,3584,1024,high,3.720174,25.624306,27.214313,24.865967,0.835983,0.853597,0.738661,0.230606,0.214801,0.396352
case5,3584,768,3840,1024,low,0.945384,32.819273,33.162444,29.835863,0.960002,0.944874,0.860122,0.097267,0.173753,0.426617
case5,3840,768,4096,1024,mid,3.225566,25.430156,26.681034,23.513041,0.876644,0.896882,0.811598,0.203985,0.227586,0.422750
case5,0,1024,256,1280,mid,2.344538,28.394209,29.573887,25.583894,0.873998,0.898844,0.760722,0.205215,0.226653,0.444530
case5,256,1024,512,1280,high,3.539505,25.399896,26.693276,23.018068,0.830767,0.838472,0.699673,0.275025,0.274612,0.451437
case5,512,1024,768,1280,high,4.539241,24.851395,26.408344,23.355295,0.821847,0.838481,0.651789,0.273151,0.298806,0.538135
case5,768,1024,1024,1280,high,4.054881,26.877700,25.610860,20.947369,0.822055,0.800684,0.602263,0.265458,0.304072,0.513770
case5,1024,1024,1280,1280,mid,2.612335,28.126027,27.976021,23.943159,0.893902,0.905828,0.815160,0.188850,0.228995,0.442321
case5,1280,1024,1536,1280,mid,3.289205,25.946411,26.920639,22.491275,0.852429,0.865560,0.751835,0.207351,0.220528,0.394635
case5,1536,1024,1792,1280,mid,2.616730,25.704800,26.544912,22.682210,0.905164,0.899926,0.831983,0.171918,0.157566,0.298854
case5,1792,1024,2048,1280,mid,2.595581,25.798119,26.984637,24.258692,0.861311,0.891686,0.824507,0.313152,0.191345,0.384285
case5,2048,1024,2304,1280,mid,3.176427,25.527516,27.562230,24.050534,0.788997,0.839231,0.691682,0.427477,0.250443,0.500656
case5,2304,1024,2560,1280,low,0.508148,33.073740,33.820791,31.923605,0.925580,0.928941,0.848059,0.049673,0.071703,0.382365
case5,2560,1024,2816,1280,mid,2.691299,26.015876,26.080601,21.483732,0.877576,0.894782,0.828038,0.239481,0.230886,0.391688
case5,2816,1024,3072,1280,high,5.769928,21.689652,21.734469,16.909274,0.687771,0.715555,0.557852,0.452057,0.412471,0.561734
case5,3072,1024,3328,1280,high,4.828110,25.554724,27.443209,22.252413,0.843249,0.889158,0.759561,0.261945,0.227267,0.484461
case5,3328,1024,3584,1280,high,3.831380,26.147075,27.053845,24.249125,0.842008,0.860709,0.760124,0.216101,0.245800,0.400303
case5,3584,1024,3840,1280,low,1.006790,33.210024,32.704210,29.450795,0.958505,0.939156,0.861134,0.091682,0.150284,0.391669
case5,3840,1024,4096,1280,mid,3.101639,25.601349,27.286606,23.994592,0.860774,0.889914,0.824253,0.197310,0.172303,0.336124
case5,0,1280,256,1536,mid,2.574381,27.623145,28.835813,25.286225,0.861833,0.881607,0.686071,0.231606,0.248356,0.502510
case5,256,1280,512,1536,high,3.715383,27.389113,28.124906,24.120868,0.861428,0.857550,0.707624,0.225054,0.213497,0.408501
case5,512,1280,768,1536,high,3.516383,24.441700,26.621270,24.325424,0.872304,0.895735,0.758306,0.215448,0.237560,0.477530
case5,768,1280,1024,1536,mid,3.014440,27.410364,27.796790,24.371284,0.816470,0.835969,0.679715,0.281205,0.272428,0.511538
case5,1024,1280,1280,1536,mid,3.064616,27.517652,29.215472,25.509172,0.891854,0.912876,0.820980,0.178268,0.203543,0.416005
case5,1280,1280,1536,1536,high,3.672938,25.870735,25.760903,21.029129,0.813155,0.845023,0.727784,0.241145,0.244619,0.405027
case5,1536,1280,1792,1536,high,6.048635,21.525454,22.430304,17.722330,0.715842,0.759926,0.580904,0.514450,0.387749,0.581750
case5,1792,1280,2048,1536,mid,2.897461,25.122334,25.718203,22.258787,0.854494,0.872188,0.758587,0.284132,0.201140,0.477154
case5,2048,1280,2304,1536,low,2.011419,27.275110,29.367729,25.881140,0.866926,0.885608,0.670707,0.223313,0.148624,0.497359
case5,2304,1280,2560,1536,low,2.115143,27.906856,29.284002,26.366264,0.827708,0.856584,0.764603,0.303870,0.143902,0.365678
case5,2560,1280,2816,1536,mid,2.548157,24.773895,25.460652,23.034790,0.849285,0.877753,0.816268,0.271921,0.185536,0.363719
case5,2816,1280,3072,1536,low,2.330765,26.073815,26.621925,24.719591,0.884129,0.902856,0.877760,0.175141,0.149432,0.227090
case5,3072,1280,3328,1536,high,4.402547,25.308140,27.134531,22.596010,0.828215,0.876809,0.794154,0.282030,0.230858,0.407366
case5,3328,1280,3584,1536,high,3.890198,24.638015,26.776187,25.126885,0.820004,0.856175,0.782660,0.240011,0.204209,0.360993
case5,3584,1280,3840,1536,low,1.015152,31.926520,33.208577,30.043704,0.948285,0.948826,0.873899,0.116423,0.160308,0.388628
case5,3840,1280,4096,1536,mid,3.051890,25.923271,27.163517,24.270202,0.881419,0.904654,0.845245,0.188607,0.170182,0.356883
case5,0,1536,256,1792,low,2.016907,28.912366,30.543840,27.585132,0.886682,0.895287,0.674940,0.163175,0.182050,0.451430
case5,256,1536,512,1792,high,3.703522,25.139743,26.802465,24.442127,0.811606,0.827137,0.698078,0.248473,0.255742,0.424858
case5,512,1536,768,1792,low,2.267161,27.252985,29.001282,26.631768,0.933314,0.947119,0.859495,0.134513,0.166455,0.427357
case5,768,1536,1024,1792,low,0.979635,32.743057,33.218381,31.431386,0.943146,0.936113,0.830565,0.087923,0.191977,0.465711
case5,1024,1536,1280,1792,mid,2.865896,27.208121,29.173682,26.108272,0.866021,0.898047,0.823936,0.192116,0.218986,0.425137
case5,1280,1536,1536,1792,high,3.402074,26.151048,28.000324,24.087602,0.847226,0.888101,0.811480,0.251224,0.184488,0.340241
case5,1536,1536,1792,1792,high,3.711319,23.465232,24.900647,22.557223,0.822935,0.850719,0.772309,0.363242,0.255229,0.418843
case5,1792,1536,2048,1792,high,3.475632,24.338433,25.671526,23.683148,0.795851,0.832129,0.722176,0.504264,0.267234,0.460482
case5,2048,1536,2304,1792,low,2.046819,26.924036,29.058935,25.735610,0.878894,0.905221,0.756880,0.173934,0.114129,0.490657
case5,2304,1536,2560,1792,low,1.222092,29.881682,31.585654,28.247495,0.907274,0.922643,0.804957,0.167784,0.136753,0.439743
case5,2560,1536,2816,1792,mid,2.493347,26.421102,27.277645,24.983299,0.874894,0.896598,0.850144,0.331037,0.171155,0.289672
case5,2816,1536,3072,1792,high,6.975408,21.497096,23.078391,20.539872,0.669966,0.772098,0.725827,0.665680,0.274902,0.401528
case5,3072,1536,3328,1792,mid,2.945933,25.992844,27.924794,24.658808,0.857294,0.899317,0.838848,0.274339,0.162266,0.338388
case5,3328,1536,3584,1792,high,3.741079,27.103867,27.784636,25.567132,0.847145,0.859998,0.782366,0.249675,0.253008,0.415094
case5,3584,1536,3840,1792,low,0.960826,32.681162,33.414851,30.637260,0.951680,0.949217,0.886660,0.107068,0.147942,0.366350
case5,3840,1536,4096,1792,mid,3.088048,25.920608,28.213222,25.469470,0.879360,0.912946,0.854574,0.213922,0.205711,0.400307
case5,0,1792,256,2048,low,1.970958,30.102351,30.925354,25.935899,0.903841,0.902444,0.652767,0.166375,0.191347,0.458914
case5,256,1792,512,2048,high,3.679794,25.790711,26.720157,23.795862,0.819714,0.827282,0.682004,0.197860,0.218928,0.372316
case5,512,1792,768,2048,low,2.050329,28.589457,29.388848,26.224639,0.939819,0.940290,0.863885,0.107801,0.215100,0.473731
case5,768,1792,1024,2048,low,1.692357,30.199899,31.977856,29.603206,0.922951,0.934627,0.852615,0.143547,0.187894,0.444718
case5,1024,1792,1280,2048,mid,2.966746,27.987118,28.409442,24.986185,0.867099,0.888191,0.812210,0.204433,0.238571,0.438306
case5,1280,1792,1536,2048,low,1.392405,32.579820,34.085552,32.530839,0.921495,0.935112,0.873886,0.114991,0.109815,0.298539
case5,1536,1792,1792,2048,high,6.646550,21.835330,24.255478,22.204320,0.701176,0.785814,0.707315,0.690785,0.288947,0.454365
case5,1792,1792,2048,2048,high,3.815643,23.771382,25.632801,23.378177,0.791123,0.844235,0.761951,0.435776,0.238968,0.411838
case5,2048,1792,2304,2048,high,3.710215,23.852741,25.024261,21.034364,0.786516,0.830024,0.722219,0.393960,0.275691,0.449624
case5,2304,1792,2560,2048,mid,2.440353,26.768089,27.157188,23.652057,0.863069,0.865498,0.726464,0.310253,0.253616,0.439979
case5,2560,1792,2816,2048,mid,3.120865,25.215947,26.072904,22.821863,0.853289,0.888414,0.850965,0.342057,0.175705,0.257360
case5,2816,1792,3072,2048,high,6.018372,22.326388,24.017205,21.543317,0.758548,0.845422,0.798403,0.543443,0.201996,0.314326
case5,3072,1792,3328,2048,low,1.435862,30.491461,31.301327,28.234495,0.920383,0.934009,0.869746,0.141949,0.133124,0.321943
case5,3328,1792,3584,2048,high,3.749212,24.930984,26.719421,24.920235,0.816263,0.848089,0.769565,0.234439,0.238956,0.401812
case5,3584,1792,3840,2048,low,0.947978,32.312313,32.402967,29.416530,0.954157,0.941304,0.873778,0.118407,0.152956,0.385553
case5,3840,1792,4096,2048,mid,3.180761,26.596079,28.451603,24.680824,0.894817,0.919685,0.840936,0.219298,0.188165,0.400115
case5,0,2048,256,2304,low,2.026566,29.957710,30.335710,25.695329,0.910336,0.901693,0.612325,0.194343,0.232735,0.489099
case5,256,2048,512,2304,high,3.569224,24.985771,26.166549,23.475888,0.837296,0.842807,0.700445,0.226439,0.255174,0.394683
case5,512,2048,768,2304,low,1.505102,31.138653,30.691754,26.618859,0.945725,0.944463,0.873556,0.114426,0.159617,0.417553
case5,768,2048,1024,2304,mid,2.405009,27.494596,29.702426,26.904478,0.912425,0.922907,0.822295,0.158034,0.252100,0.510564
case5,1024,2048,1280,2304,mid,2.583517,26.962227,27.744396,25.070247,0.871086,0.892044,0.812742,0.201846,0.245067,0.446191
case5,1280,2048,1536,2304,low,0.983592,34.374554,35.234657,33.134202,0.937921,0.941210,0.858514,0.089437,0.116562,0.322534
case5,1536,2048,1792,2304,high,4.088160,23.646956,25.940751,23.940377,0.822521,0.864020,0.770853,0.397469,0.159714,0.392890
case5,1792,2048,2048,2304,high,5.333450,21.791861,23.217999,21.712818,0.727594,0.780653,0.704430,0.630126,0.345943,0.461002
case5,2048,2048,2304,2304,high,3.897059,24.292207,26.211289,22.247725,0.810731,0.863504,0.795963,0.274796,0.183094,0.332644
case5,2304,2048,2560,2304,mid,2.984945,24.957609,25.025020,21.380803,0.845486,0.862153,0.745505,0.225931,0.205444,0.399372
case5,2560,2048,2816,2304,high,6.214259,22.480983,22.661123,19.681108,0.747086,0.800240,0.737849,0.639404,0.309782,0.371188
case5,2816,2048,3072,2304,mid,2.574250,26.914737,28.404252,25.174397,0.905958,0.938367,0.899997,0.246514,0.087272,0.209511
case5,3072,2048,3328,2304,low,1.219920,31.946914,31.855161,28.055587,0.946488,0.944042,0.870777,0.108596,0.140576,0.353621
case5,3328,2048,3584,2304,high,3.829748,24.709864,26.230803,25.010998,0.802315,0.842342,0.781121,0.243924,0.225568,0.366789
case5,3584,2048,3840,2304,low,0.962057,31.908369,32.164152,29.699377,0.950817,0.940559,0.863481,0.100306,0.152069,0.377923
case5,3840,2048,4096,2304,mid,3.327042,25.780923,27.502623,23.598609,0.869020,0.904480,0.831438,0.205741,0.203386,0.387025
case5,0,2304,256,2560,mid,2.514491,28.359633,28.996992,24.535790,0.887172,0.882560,0.630484,0.208382,0.310723,0.500059
case5,256,2304,512,2560,high,3.627350,26.956926,27.923984,24.933676,0.811523,0.825127,0.697089,0.242440,0.247578,0.352490
case5,512,2304,768,2560,mid,2.911230,27.405499,27.483028,24.652353,0.878634,0.877414,0.776222,0.196343,0.221029,0.450261
case5,768,2304,1024,2560,mid,2.556509,26.232991,27.901661,26.110375,0.903168,0.920021,0.826519,0.153120,0.212323,0.450417
case5,1024,2304,1280,2560,mid,2.699931,28.206592,28.990222,25.672812,0.871773,0.898326,0.824416,0.193893,0.225304,0.429077
case5,1280,2304,1536,2560,low,0.928909,34.858304,35.390618,32.103827,0.933388,0.929954,0.809509,0.117599,0.146111,0.389804
case5,1536,2304,1792,2560,low,0.158681,41.711446,40.449860,36.743278,0.995425,0.988471,0.911789,0.008556,0.023327,0.286792
case5,1792,2304,2048,2560,high,3.907232,24.197124,25.817047,22.779081,0.820210,0.847419,0.721266,0.418696,0.188396,0.351709
case5,2048,2304,2304,2560,high,4.508835,22.562989,24.128660,21.227241,0.756668,0.811001,0.706783,0.398048,0.238218,0.393768
case5,2304,2304,2560,2560,high,5.046147,22.973588,23.942801,20.057671,0.752479,0.809877,0.709854,0.525060,0.253845,0.411996
case5,2560,2304,2816,2560,mid,2.681315,27.523498,27.994661,23.892003,0.900607,0.927591,0.871799,0.290520,0.096258,0.239919
case5,2816,2304,3072,2560,low,0.158620,41.950829,40.388102,39.421720,0.994975,0.990338,0.962678,0.007706,0.014747,0.132038
case5,3072,2304,3328,2560,low,1.073018,31.110061,32.340137,29.577927,0.938639,0.951050,0.890415,0.109459,0.144486,0.359053
case5,3328,2304,3584,2560,high,3.688456,24.956860,27.400719,26.276903,0.822186,0.866910,0.826816,0.230803,0.184304,0.354355
case5,3584,2304,3840,2560,low,1.615855,28.932042,28.857242,25.346050,0.910542,0.906025,0.823949,0.178703,0.195554,0.409481
case5,3840,2304,4096,2560,high,3.677251,25.184632,26.972576,22.759577,0.837463,0.873022,0.795609,0.238960,0.233455,0.388039
case5,0,2560,256,2816,mid,2.385437,28.858222,29.692210,25.821143,0.894720,0.906648,0.758421,0.189980,0.236570,0.450504
case5,256,2560,512,2816,high,3.661870,28.363532,28.877164,25.451707,0.857831,0.863875,0.755452,0.198178,0.197430,0.376698
case5,512,2560,768,2816,mid,2.560043,27.833679,28.344569,25.204079,0.881549,0.901218,0.814661,0.303350,0.260796,0.462182
case5,768,2560,1024,2816,low,2.173340,30.725960,30.877408,27.280179,0.940975,0.941024,0.847075,0.117908,0.180269,0.412644
case5,1024,2560,1280,2816,mid,2.445450,27.221572,28.570007,26.150218,0.875471,0.901082,0.836278,0.189334,0.229580,0.432760
case5,1280,2560,1536,2816,low,1.021032,34.339314,34.910070,32.988133,0.938057,0.943248,0.850874,0.142539,0.158395,0.365177
case5,1536,2560,1792,2816,low,0.137502,41.715886,39.924483,38.354977,0.995602,0.989522,0.942075,0.007637,0.020828,0.200323
case5,1792,2560,2048,2816,low,0.303884,38.263224,36.676596,31.297640,0.984911,0.980544,0.944748,0.023076,0.034296,0.185933
case5,2048,2560,2304,2816,low,0.721634,33.935959,33.937496,28.635887,0.955033,0.960176,0.909411,0.088273,0.086518,0.250405
case5,2304,2560,2560,2816,low,1.200816,31.774887,29.862472,22.157652,0.925223,0.924373,0.843407,0.147415,0.163342,0.370101
case5,2560,2560,2816,2816,low,0.478394,36.629804,36.868711,34.188728,0.971315,0.973479,0.907985,0.063405,0.073662,0.283807
case5,2816,2560,3072,2816,low,1.292684,31.172847,31.210727,26.059079,0.940072,0.938686,0.861281,0.154937,0.159627,0.338444
case5,3072,2560,3328,2816,mid,2.409404,26.999123,27.861923,23.501320,0.850073,0.855758,0.736888,0.289372,0.279854,0.491432
case5,3328,2560,3584,2816,mid,2.985377,26.257457,27.893346,24.639129,0.827429,0.853523,0.747428,0.333178,0.284770,0.502054
case5,3584,2560,3840,2816,mid,3.271556,25.550826,26.811340,23.245519,0.832503,0.851651,0.744902,0.321553,0.290583,0.460916
case5,3840,2560,4096,2816,mid,2.360804,28.046239,29.692631,25.386938,0.869470,0.895847,0.807414,0.297862,0.279307,0.455455
case5,0,2816,256,3072,mid,3.005188,26.837328,27.810540,25.220513,0.851738,0.897514,0.829829,0.281322,0.225004,0.433770
case5,256,2816,512,3072,high,3.680450,25.790043,27.521572,25.132953,0.818234,0.856540,0.797911,0.264430,0.232719,0.362645
case5,512,2816,768,3072,low,2.262212,26.510296,28.736395,24.462533,0.889399,0.924318,0.863946,0.227247,0.216861,0.417722
case5,768,2816,1024,3072,mid,2.540411,26.896864,28.615865,24.882507,0.893876,0.907445,0.828877,0.193835,0.194720,0.371133
case5,1024,2816,1280,3072,mid,2.937139,26.333134,27.120913,23.389073,0.852523,0.874555,0.788212,0.283857,0.266298,0.462605
case5,1280,2816,1536,3072,low,1.983220,28.917575,30.716188,24.663556,0.888827,0.904497,0.786153,0.240373,0.222069,0.433734
case5,1536,2816,1792,3072,low,2.246964,28.419582,29.169707,21.669336,0.874740,0.889387,0.741489,0.289076,0.240730,0.422940
case5,1792,2816,2048,3072,mid,2.359100,27.491826,28.679768,21.681095,0.857920,0.878018,0.719476,0.290257,0.269057,0.490949
case5,2048,2816,2304,3072,low,2.261943,27.895726,27.311258,20.958129,0.875847,0.873795,0.696616,0.279195,0.285530,0.529305
case5,2304,2816,2560,3072,low,2.269068,28.137647,29.121151,23.156131,0.889605,0.893736,0.709792,0.287683,0.299912,0.558242
case5,2560,2816,2816,3072,high,3.637202,25.992367,26.634526,22.233334,0.825728,0.826127,0.627563,0.346580,0.325135,0.554364
case5,2816,2816,3072,3072,low,1.992340,29.558950,29.983567,26.050775,0.901301,0.895261,0.706208,0.256859,0.305779,0.576507
case5,3072,2816,3328,3072,low,1.648346,29.118005,28.905997,25.399691,0.907703,0.895015,0.724182,0.223576,0.318025,0.603497
case5,3328,2816,3584,3072,mid,2.646561,26.277304,27.171127,24.224456,0.863229,0.858208,0.744036,0.237795,0.262567,0.500200
case5,3584,2816,3840,3072,high,4.239400,24.372505,25.849143,22.053946,0.829120,0.862220,0.759651,0.331186,0.348024,0.499319
case5,3840,2816,4096,3072,low,1.998734,29.755212,31.107044,27.540569,0.912152,0.930047,0.843304,0.227699,0.229644,0.485016
